PL_Code,Description,Current_Stock,Inventory_Value,Days_Since_Movement,Depot,Inventory_Domain,Business_Unit,Division,Snapshot_Date,Pipeline_Version
56110029,CABLE PVC INSULATED ARMOURED UNSCREENED UNDERGROUND POWER CABLE 3C X 10 SQ.MM,1986.0,315774.0,753,SSE/S/SRM/TPJ077355-S AND T-SR,Railway_Operations,TPJ,Tiruchirappalli,2026-03-31,12.5.0
569003530068,FIRE ALARM AUDIO VISUAL ALARM (HOOTER AND STROBE) WITH BACK BOX AS PER RDSO/SPN/217/2018 V....,18.0,241344.0,797,SSE/S/SRM/TPJ077355-S AND T-SR,Railway_Operations,TPJ,Tiruchirappalli,2026-03-31,12.5.0
564681510123,Supply of Double Digit Multi Lamp Route Indicator (LED Type). Specification as per Annexur....,5.0,237616.6,922,SSE/S/SRM/TPJ077355-S AND T-SR,Railway_Operations,TPJ,Tiruchirappalli,2026-03-31,12.5.0
861600990018,CONTROL MODULE ADDRESSABLE RE-717 MC,44.0,220000.0,797,SSE/S/SRM/TPJ077355-S AND T-SR,Railway_Operations,TPJ,Tiruchirappalli,2026-03-31,12.5.0
539809440023,Multi Lamp Route Indicator LED TYPE,5.0,194669.11,871,SSE/S/SRM/TPJ077355-S AND T-SR,Railway_Operations,TPJ,Tiruchirappalli,2026-03-31,12.5.0
560408110010,Digital Axle Counter spares,2.0,167560.0,1203,SSE/S/SRM/TPJ077355-S AND T-SR,Railway_Operations,TPJ,Tiruchirappalli,2026-03-31,12.5.0
567900390011,"Relay Plug-in -type, Style QNA1K 24V DC, 6F/6B Contact.",24.0,165360.0,877,SSE/S/SRM/TPJ077355-S AND T-SR,Railway_Operations,TPJ,Tiruchirappalli,2026-03-31,12.5.0
567900801023,SURGE PROTECTION DEVICE,14.0,159576.2,1249,SSE/S/SRM/TPJ077355-S AND T-SR,Railway_Operations,TPJ,Tiruchirappalli,2026-03-31,12.5.0
560408190017,Digital Axle Counter spares,4.0,125080.0,1203,SSE/S/SRM/TPJ077355-S AND T-SR,Railway_Operations,TPJ,Tiruchirappalli,2026-03-31,12.5.0
560404210071,Supply of Tools Kits and Measuring Instrument set for measuring all the track side and pro....,1.0,124000.0,880,SSE/S/SRM/TPJ077355-S AND T-SR,Railway_Operations,TPJ,Tiruchirappalli,2026-03-31,12.5.0
565094825890,Tool Kit for HASSDAC,2.0,120000.0,998,SSE/S/SRM/TPJ077355-S AND T-SR,Railway_Operations,TPJ,Tiruchirappalli,2026-03-31,12.5.0
549007661110,A TYPE FOUNDATION,21.0,115311.0,1171,SSE/S/SRM/TPJ077355-S AND T-SR,Railway_Operations,TPJ,Tiruchirappalli,2026-03-31,12.5.0
601210080042,MS ANGLE 75X75X6MM,16.0,104000.0,1207,SSE/S/SRM/TPJ077355-S AND T-SR,Railway_Operations,TPJ,Tiruchirappalli,2026-03-31,12.5.0
560603310016,ISOLATION TRANSFORMER 110/110V,48.0,96768.0,1690,SSE/S/SRM/TPJ077355-S AND T-SR,Railway_Operations,TPJ,Tiruchirappalli,2026-03-31,12.5.0
722400672758,DRILLING MACHINE HEAVY DUTY,3.0,90273.0,788,SSE/S/SRM/TPJ077355-S AND T-SR,Railway_Operations,TPJ,Tiruchirappalli,2026-03-31,12.5.0
567917400018,Supply of Display card suitable for Efftronics make Data loggers. Supplied material should....,3.0,86999.04,1034,SSE/S/SRM/TPJ077355-S AND T-SR,Railway_Operations,TPJ,Tiruchirappalli,2026-03-31,12.5.0
56020790,"- DYNAMIC HANDSET FOR BLOCK INSTRUMENT AS PER SPECIFICATION No.S&T/S.033 OF S&T WOTKSHOPS,....",28.0,84018.76,759,SSE/S/SRM/TPJ077355-S AND T-SR,Railway_Operations,TPJ,Tiruchirappalli,2026-03-31,12.5.0
567900488679,Battery Charger 230 V AC/ 24 V DV / 50 Amp.,1.0,68067.0,1165,SSE/S/SRM/TPJ077355-S AND T-SR,Railway_Operations,TPJ,Tiruchirappalli,2026-03-31,12.5.0
560600046685,RELAY RACK TO HOLD 168 RELAYS,2.0,45760.0,883,SSE/S/SRM/TPJ077355-S AND T-SR,Railway_Operations,TPJ,Tiruchirappalli,2026-03-31,12.5.0
567900080010,Relay QT2,4.0,36000.0,1802,SSE/S/SRM/TPJ077355-S AND T-SR,Railway_Operations,TPJ,Tiruchirappalli,2026-03-31,12.5.0
565101020030,Single Lever Frame (for LC gate),3.0,33124.5,1171,SSE/S/SRM/TPJ077355-S AND T-SR,Railway_Operations,TPJ,Tiruchirappalli,2026-03-31,12.5.0
466425160012,MS ROD ( 32MM),10.0,32000.0,1139,SSE/S/SRM/TPJ077355-S AND T-SR,Railway_Operations,TPJ,Tiruchirappalli,2026-03-31,12.5.0
569005090059,LHS Interface Module with EOL as per  RDSO/SPN/217/2021 Ver 3 or latest.,8.0,28800.0,797,SSE/S/SRM/TPJ077355-S AND T-SR,Railway_Operations,TPJ,Tiruchirappalli,2026-03-31,12.5.0
56468052,"YELLOW aspect Main LED signal, 110 V AC Retrofitable in existing CLS Housing and compatibl....",3.0,26258.73,1161,SSE/S/SRM/TPJ077355-S AND T-SR,Railway_Operations,TPJ,Tiruchirappalli,2026-03-31,12.5.0
861601030018,FIRE SURVIVAL ARMOURED CABLE,230.0,22770.0,792,SSE/S/SRM/TPJ077355-S AND T-SR,Railway_Operations,TPJ,Tiruchirappalli,2026-03-31,12.5.0
569008650064,Supply of Power supply Card suitable for M/s Efftronics make Data logger as per Spec:¿IRS:....,2.0,21999.92,766,SSE/S/SRM/TPJ077355-S AND T-SR,Railway_Operations,TPJ,Tiruchirappalli,2026-03-31,12.5.0
565094814946,Auto Change Over for inverter for static Switch,2.0,20000.0,740,SSE/S/SRM/TPJ077355-S AND T-SR,Railway_Operations,TPJ,Tiruchirappalli,2026-03-31,12.5.0
539825410078,M6 / ARA Terminal PBT (RELEASED),596.0,17880.0,1303,SSE/S/SRM/TPJ077355-S AND T-SR,Railway_Operations,TPJ,Tiruchirappalli,2026-03-31,12.5.0
600500070010,RAIL 52 KG (SH),55.0,16500.0,1671,SSE/S/SRM/TPJ077355-S AND T-SR,Railway_Operations,TPJ,Tiruchirappalli,2026-03-31,12.5.0
30057760,"HEX HEAD BOLT (M20 X 70 mm) WITH  HEX.NUT,SPRING LOCK WASHER AND SPLIT PIN TO  DRG NO.J&TD....",390.0,15990.0,1779,SSE/S/SRM/TPJ077355-S AND T-SR,Railway_Operations,TPJ,Tiruchirappalli,2026-03-31,12.5.0
509010380019,Dry cell 1.5V Heavy Duty (PRIMARY CELL- SITEL) As per IRS:S-95/96 AMDT.01 as per Spec. BSS....,20.0,12980.0,992,SSE/S/SRM/TPJ077355-S AND T-SR,Railway_Operations,TPJ,Tiruchirappalli,2026-03-31,12.5.0
472002300013,TRANSFORMERS,21.0,12600.0,932,SSE/S/SRM/TPJ077355-S AND T-SR,Railway_Operations,TPJ,Tiruchirappalli,2026-03-31,12.5.0
539823490010,CLS unit 4 ASPECT,1.0,12584.0,995,SSE/S/SRM/TPJ077355-S AND T-SR,Railway_Operations,TPJ,Tiruchirappalli,2026-03-31,12.5.0
600500040509,STOCK RAIL for SEJ 52 KG,9.0,9000.0,1692,SSE/S/SRM/TPJ077355-S AND T-SR,Railway_Operations,TPJ,Tiruchirappalli,2026-03-31,12.5.0
565172850186,Voltage Stabilizer 0.5 KVA,4.0,8000.0,1690,SSE/S/SRM/TPJ077355-S AND T-SR,Railway_Operations,TPJ,Tiruchirappalli,2026-03-31,12.5.0
569003010127,(Sch-A-3)Fire Alarm Analogue Addressable and Resetable Manual Call Point as per RDSO/SPN/2....,1.0,8000.0,1063,SSE/S/SRM/TPJ077355-S AND T-SR,Railway_Operations,TPJ,Tiruchirappalli,2026-03-31,12.5.0
570100640016,DESKTOP COMPUTER - INTEL CORE i3,1.0,8000.0,1693,SSE/S/SRM/TPJ077355-S AND T-SR,Railway_Operations,TPJ,Tiruchirappalli,2026-03-31,12.5.0
560404661871,DC DC CONVERTER,14.0,7000.0,1690,SSE/S/SRM/TPJ077355-S AND T-SR,Railway_Operations,TPJ,Tiruchirappalli,2026-03-31,12.5.0
783102110029,Rack angle iron,5.0,6000.0,1692,SSE/S/SRM/TPJ077355-S AND T-SR,Railway_Operations,TPJ,Tiruchirappalli,2026-03-31,12.5.0
560610510015,TRANSFORMER 230/110/500VA,3.0,4500.0,1077,SSE/S/SRM/TPJ077355-S AND T-SR,Railway_Operations,TPJ,Tiruchirappalli,2026-03-31,12.5.0
784600010093,IRON ALMIRAH  INDIVIDUAL EIGHT LOCKER,2.0,4000.0,1693,SSE/S/SRM/TPJ077355-S AND T-SR,Railway_Operations,TPJ,Tiruchirappalli,2026-03-31,12.5.0
56987109,CABLE PVC INSULATED ARMOURED UN SCREENED UNDER GROUND POWER CABLE OF SIZE 2C x 25sqmm ALUM....,35.0,3850.0,832,SSE/S/SRM/TPJ077355-S AND T-SR,Railway_Operations,TPJ,Tiruchirappalli,2026-03-31,12.5.0
650500080015,AIR COMPRESSOR  250 CFM,1.0,3500.0,1693,SSE/S/SRM/TPJ077355-S AND T-SR,Railway_Operations,TPJ,Tiruchirappalli,2026-03-31,12.5.0
405000060019,GI Wire,35.0,3500.0,1291,SSE/S/SRM/TPJ077355-S AND T-SR,Railway_Operations,TPJ,Tiruchirappalli,2026-03-31,12.5.0
469004980019,BT CHANNEL OF SIZES,6.0,3000.0,1292,SSE/S/SRM/TPJ077355-S AND T-SR,Railway_Operations,TPJ,Tiruchirappalli,2026-03-31,12.5.0
522001790046,DISTANCE MEASURING WHEEL (RODO METER),1.0,2740.17,1027,SSE/S/SRM/TPJ077355-S AND T-SR,Railway_Operations,TPJ,Tiruchirappalli,2026-03-31,12.5.0
560605076692,Spanner Ring Set,22.0,2530.0,1692,SSE/S/SRM/TPJ077355-S AND T-SR,Railway_Operations,TPJ,Tiruchirappalli,2026-03-31,12.5.0
902500310010,Revolving Chair,2.0,2353.63,1045,SSE/S/SRM/TPJ077355-S AND T-SR,Railway_Operations,TPJ,Tiruchirappalli,2026-03-31,12.5.0
721800040199,NOSE PLIER,39.0,2340.0,1693,SSE/S/SRM/TPJ077355-S AND T-SR,Railway_Operations,TPJ,Tiruchirappalli,2026-03-31,12.5.0
652899570013,Grinding Machine Electric 230V,2.0,2000.0,1693,SSE/S/SRM/TPJ077355-S AND T-SR,Railway_Operations,TPJ,Tiruchirappalli,2026-03-31,12.5.0
721800030080,CUTTING PLIERS 6,9.0,1800.0,1693,SSE/S/SRM/TPJ077355-S AND T-SR,Railway_Operations,TPJ,Tiruchirappalli,2026-03-31,12.5.0
727901770711,Tri Color Hand Torch Light,3.0,1740.0,1110,SSE/S/SRM/TPJ077355-S AND T-SR,Railway_Operations,TPJ,Tiruchirappalli,2026-03-31,12.5.0
745010580090,Lock Brass,17.0,1700.0,1693,SSE/S/SRM/TPJ077355-S AND T-SR,Railway_Operations,TPJ,Tiruchirappalli,2026-03-31,12.5.0
409000511438,PEDASTAL FANS,2.0,1600.0,1693,SSE/S/SRM/TPJ077355-S AND T-SR,Railway_Operations,TPJ,Tiruchirappalli,2026-03-31,12.5.0
565199032324,Released Inverter 110V DC / 230V,2.0,1600.0,1086,SSE/S/SRM/TPJ077355-S AND T-SR,Railway_Operations,TPJ,Tiruchirappalli,2026-03-31,12.5.0
539855720010,Generator Portable,1.0,1500.0,1693,SSE/S/SRM/TPJ077355-S AND T-SR,Railway_Operations,TPJ,Tiruchirappalli,2026-03-31,12.5.0
570100822428,CPU HCL make,1.0,1500.0,1692,SSE/S/SRM/TPJ077355-S AND T-SR,Railway_Operations,TPJ,Tiruchirappalli,2026-03-31,12.5.0
432900230899,Distilled Water Plant,1.0,1500.0,1693,SSE/S/SRM/TPJ077355-S AND T-SR,Railway_Operations,TPJ,Tiruchirappalli,2026-03-31,12.5.0
565199410021,Data Logger RTU Fault Analysis Software,1.0,1500.0,783,SSE/S/SRM/TPJ077355-S AND T-SR,Railway_Operations,TPJ,Tiruchirappalli,2026-03-31,12.5.0
727901391219,Platform weighing machine 1000 kg,1.0,1500.0,1692,SSE/S/SRM/TPJ077355-S AND T-SR,Railway_Operations,TPJ,Tiruchirappalli,2026-03-31,12.5.0
727900038706,Bench Vice  5,2.0,1500.0,1692,SSE/S/SRM/TPJ077355-S AND T-SR,Railway_Operations,TPJ,Tiruchirappalli,2026-03-31,12.5.0
56985710,CONTRACTOR UNIT ASSEMBLY,13.0,1456.0,1333,SSE/S/SRM/TPJ077355-S AND T-SR,Railway_Operations,TPJ,Tiruchirappalli,2026-03-31,12.5.0
40071110,CABLE PVC INSULATED UNARMOURED SINGLE CORE MULTI STRAND COPPER CONDUCTOR OF SIZE 1.5 SQMM ....,100.0,1400.0,1097,SSE/S/SRM/TPJ077355-S AND T-SR,Railway_Operations,TPJ,Tiruchirappalli,2026-03-31,12.5.0
539802230011,PVC Pipe 25 mm,10.0,1120.0,1671,SSE/S/SRM/TPJ077355-S AND T-SR,Railway_Operations,TPJ,Tiruchirappalli,2026-03-31,12.5.0
56300128,LOCK ROD LUG & DETECTOR ROD LUG IN SET FOR GROUND CONNECTION. ONE SET COMPRISING OF (a) LO....,8.0,1088.0,1100,SSE/S/SRM/TPJ077355-S AND T-SR,Railway_Operations,TPJ,Tiruchirappalli,2026-03-31,12.5.0
543400060026,ROD JOINT [ EYE JOINT ],34.0,1020.0,986,SSE/S/SRM/TPJ077355-S AND T-SR,Railway_Operations,TPJ,Tiruchirappalli,2026-03-31,12.5.0
565000090130,B type CHOKE,1.0,1000.0,1292,SSE/S/SRM/TPJ077355-S AND T-SR,Railway_Operations,TPJ,Tiruchirappalli,2026-03-31,12.5.0
561300760480,Released Block Bell equipment,2.0,1000.0,1303,SSE/S/SRM/TPJ077355-S AND T-SR,Railway_Operations,TPJ,Tiruchirappalli,2026-03-31,12.5.0
570103410010,Computer monitor TFT-18.5 MAKE-HCL,1.0,1000.0,1692,SSE/S/SRM/TPJ077355-S AND T-SR,Railway_Operations,TPJ,Tiruchirappalli,2026-03-31,12.5.0
543600060010,LAMP stand.,9.0,900.0,1110,SSE/S/SRM/TPJ077355-S AND T-SR,Railway_Operations,TPJ,Tiruchirappalli,2026-03-31,12.5.0
469034151893,TABLE STEEL OFF SIZE,3.0,900.0,1692,SSE/S/SRM/TPJ077355-S AND T-SR,Railway_Operations,TPJ,Tiruchirappalli,2026-03-31,12.5.0
83151837,TWINE WHITE 100 GRAMS A BALL TO CSO/VOC NO.J.042 IS.2413/1978,45.0,800.1,1241,SSE/S/SRM/TPJ077355-S AND T-SR,Railway_Operations,TPJ,Tiruchirappalli,2026-03-31,12.5.0
727924850012,Spring adjusting Tool for DLB and FM Diado Block Instrument to Drg.No. CWM SK/01123.,4.0,800.0,837,SSE/S/SRM/TPJ077355-S AND T-SR,Railway_Operations,TPJ,Tiruchirappalli,2026-03-31,12.5.0
469043980011,TABLE GLASS PLAIN  ( 8 MM THICK ),1.0,750.0,1692,SSE/S/SRM/TPJ077355-S AND T-SR,Railway_Operations,TPJ,Tiruchirappalli,2026-03-31,12.5.0
556200010139,TRESTLES,49.0,735.0,940,SSE/S/SRM/TPJ077355-S AND T-SR,Railway_Operations,TPJ,Tiruchirappalli,2026-03-31,12.5.0
783000282034,Rack wooden OF SIZES,7.0,700.0,1291,SSE/S/SRM/TPJ077355-S AND T-SR,Railway_Operations,TPJ,Tiruchirappalli,2026-03-31,12.5.0
673500020118,Hand Cart,2.0,700.0,981,SSE/S/SRM/TPJ077355-S AND T-SR,Railway_Operations,TPJ,Tiruchirappalli,2026-03-31,12.5.0
420423880012,Hand Crimping tool (1.5-10sq mm),1.0,600.0,1693,SSE/S/SRM/TPJ077355-S AND T-SR,Railway_Operations,TPJ,Tiruchirappalli,2026-03-31,12.5.0
783000550016,STOOL WOODEN,3.0,525.0,1692,SSE/S/SRM/TPJ077355-S AND T-SR,Railway_Operations,TPJ,Tiruchirappalli,2026-03-31,12.5.0
75544453,TWINE COUNTRY JUTE 3PLY TO IS.SPECN.NO.1912/84 VARIETY NO.6.,5.0,500.6,1254,SSE/S/SRM/TPJ077355-S AND T-SR,Railway_Operations,TPJ,Tiruchirappalli,2026-03-31,12.5.0
10300601013,Tachometer Meter  OEM:GR Part No:105652090146 Make:NA,1.0,500.0,1693,SSE/S/SRM/TPJ077355-S AND T-SR,Railway_Operations,TPJ,Tiruchirappalli,2026-03-31,12.5.0
783000720013,BENCH WOODEN,1.0,500.0,1693,SSE/S/SRM/TPJ077355-S AND T-SR,Railway_Operations,TPJ,Tiruchirappalli,2026-03-31,12.5.0
473500354432,OIL PUMP ROTARY TYPE,1.0,500.0,1692,SSE/S/SRM/TPJ077355-S AND T-SR,Railway_Operations,TPJ,Tiruchirappalli,2026-03-31,12.5.0
508312470018,DIMMER START,1.0,500.0,1693,SSE/S/SRM/TPJ077355-S AND T-SR,Railway_Operations,TPJ,Tiruchirappalli,2026-03-31,12.5.0
753000050019,Nylon ropes. 1/2 Inch SIZES,50.0,500.0,1692,SSE/S/SRM/TPJ077355-S AND T-SR,Railway_Operations,TPJ,Tiruchirappalli,2026-03-31,12.5.0
783000514553,COMPUTER TABLE -SMALL,1.0,500.0,1692,SSE/S/SRM/TPJ077355-S AND T-SR,Railway_Operations,TPJ,Tiruchirappalli,2026-03-31,12.5.0
469035021002,VERNIER CALIPERS 0 MM-300 MM,1.0,500.0,1692,SSE/S/SRM/TPJ077355-S AND T-SR,Railway_Operations,TPJ,Tiruchirappalli,2026-03-31,12.5.0
654800060170,LIFTING PULLING MACHINE Portable Type (Tarfar),1.0,500.0,1693,SSE/S/SRM/TPJ077355-S AND T-SR,Railway_Operations,TPJ,Tiruchirappalli,2026-03-31,12.5.0
721800090282,Screw driver set (BOX),19.0,475.0,1692,SSE/S/SRM/TPJ077355-S AND T-SR,Railway_Operations,TPJ,Tiruchirappalli,2026-03-31,12.5.0
469029100015,HAMMER BALL PIN 0.5 KG,6.0,390.0,1693,SSE/S/SRM/TPJ077355-S AND T-SR,Railway_Operations,TPJ,Tiruchirappalli,2026-03-31,12.5.0
721429140016,SPANNER DOUBLE END SET,3.0,375.0,1692,SSE/S/SRM/TPJ077355-S AND T-SR,Railway_Operations,TPJ,Tiruchirappalli,2026-03-31,12.5.0
560605111783,SPANNER DOUBLE ENDED,27.0,324.0,1301,SSE/S/SRM/TPJ077355-S AND T-SR,Railway_Operations,TPJ,Tiruchirappalli,2026-03-31,12.5.0
783000253046,SOFA 3 SEATER,1.0,300.0,1692,SSE/S/SRM/TPJ077355-S AND T-SR,Railway_Operations,TPJ,Tiruchirappalli,2026-03-31,12.5.0
721801220010,SPANNER RING OF SIZES,23.0,276.0,1692,SSE/S/SRM/TPJ077355-S AND T-SR,Railway_Operations,TPJ,Tiruchirappalli,2026-03-31,12.5.0
420296880041,SWITCH CHANGE OVER 63A(CS 292),3.0,225.0,1270,SSE/S/SRM/TPJ077355-S AND T-SR,Railway_Operations,TPJ,Tiruchirappalli,2026-03-31,12.5.0
562100260023,Butterfly Contact,22.0,220.0,1802,SSE/S/SRM/TPJ077355-S AND T-SR,Railway_Operations,TPJ,Tiruchirappalli,2026-03-31,12.5.0
469029110010,HAMMER SLEDGE 7 lbs,2.0,220.0,1693,SSE/S/SRM/TPJ077355-S AND T-SR,Railway_Operations,TPJ,Tiruchirappalli,2026-03-31,12.5.0
727900640017,Rail Jumpers,1.0,200.0,1692,SSE/S/SRM/TPJ077355-S AND T-SR,Railway_Operations,TPJ,Tiruchirappalli,2026-03-31,12.5.0
561300660101,TOL Indicator Assembly,1.0,200.0,1637,SSE/S/SRM/TPJ077355-S AND T-SR,Railway_Operations,TPJ,Tiruchirappalli,2026-03-31,12.5.0
570102670012,Keyboard,1.0,200.0,1692,SSE/S/SRM/TPJ077355-S AND T-SR,Railway_Operations,TPJ,Tiruchirappalli,2026-03-31,12.5.0
725051380318,TAPE MEASURING,2.0,200.0,1692,SSE/S/SRM/TPJ077355-S AND T-SR,Railway_Operations,TPJ,Tiruchirappalli,2026-03-31,12.5.0
615400010060,Ladder wooden - 6(feet),1.0,150.0,1692,SSE/S/SRM/TPJ077355-S AND T-SR,Railway_Operations,TPJ,Tiruchirappalli,2026-03-31,12.5.0
565094831178,Sealing plier,8.0,120.0,1692,SSE/S/SRM/TPJ077355-S AND T-SR,Railway_Operations,TPJ,Tiruchirappalli,2026-03-31,12.5.0
830314340011,"MV (N) G 97 B, CREDIT NOTE BOOK IN SIZE 12X5.2/3 (BOOKS) Text Printing on One side over 60....",2.0,100.0,1353,SSE/S/SRM/TPJ077355-S AND T-SR,Railway_Operations,TPJ,Tiruchirappalli,2026-03-31,12.5.0
560605360011,SCREW DRIVER -V/ SIZE,5.0,100.0,1692,SSE/S/SRM/TPJ077355-S AND T-SR,Railway_Operations,TPJ,Tiruchirappalli,2026-03-31,12.5.0
461506450019,BONDS,5.0,100.0,1693,SSE/S/SRM/TPJ077355-S AND T-SR,Railway_Operations,TPJ,Tiruchirappalli,2026-03-31,12.5.0
479007400129,HACK SAW FRAME,1.0,100.0,1693,SSE/S/SRM/TPJ077355-S AND T-SR,Railway_Operations,TPJ,Tiruchirappalli,2026-03-31,12.5.0
305302300014,HEAVY DUTY DRILL BITT (HSS) SIZE 4.00 MM MAKE by: JK/ MIRINDA/I.T (Indian Tools),8.0,96.0,1693,SSE/S/SRM/TPJ077355-S AND T-SR,Railway_Operations,TPJ,Tiruchirappalli,2026-03-31,12.5.0
83151412,STATIONERY LACES TAG COTTON 100 CMS LONG TO IS.8499/88.,2.0,77.2,1426,SSE/S/SRM/TPJ077355-S AND T-SR,Railway_Operations,TPJ,Tiruchirappalli,2026-03-31,12.5.0
799048680148,Padlock G.I. SIZE 65MM,1.0,75.0,1692,SSE/S/SRM/TPJ077355-S AND T-SR,Railway_Operations,TPJ,Tiruchirappalli,2026-03-31,12.5.0
539845530016,CORDLESS MOUSE,1.0,75.0,1692,SSE/S/SRM/TPJ077355-S AND T-SR,Railway_Operations,TPJ,Tiruchirappalli,2026-03-31,12.5.0
727902880019,Box Spanner,11.0,66.0,1693,SSE/S/SRM/TPJ077355-S AND T-SR,Railway_Operations,TPJ,Tiruchirappalli,2026-03-31,12.5.0
727902129831,SPANNER ADJUSTABLE,4.0,60.0,1692,SSE/S/SRM/TPJ077355-S AND T-SR,Railway_Operations,TPJ,Tiruchirappalli,2026-03-31,12.5.0
723870750402,shoval Round nose,2.0,50.0,1692,SSE/S/SRM/TPJ077355-S AND T-SR,Railway_Operations,TPJ,Tiruchirappalli,2026-03-31,12.5.0
729072480024,Wire Striper,3.0,45.0,1692,SSE/S/SRM/TPJ077355-S AND T-SR,Railway_Operations,TPJ,Tiruchirappalli,2026-03-31,12.5.0
10100241011,"PLUNGER,GOVERNOR SPRING OEM:CU Part No:70820 Make:NA",14.0,28.0,1357,SSE/S/SRM/TPJ077355-S AND T-SR,Railway_Operations,TPJ,Tiruchirappalli,2026-03-31,12.5.0
722400660010,DRILLING MECHINE 13 TO 23 MM,0.0,0.0,1178,SSE/S/SRM/TPJ077355-S AND T-SR,Railway_Operations,TPJ,Tiruchirappalli,2026-03-31,12.5.0
470200733647,PORTABLE GENERATOR HIMALAYAN POWER,0.0,0.0,1654,SSE/S/SRM/TPJ077355-S AND T-SR,Railway_Operations,TPJ,Tiruchirappalli,2026-03-31,12.5.0
500500680017,Half split DWC pipe,0.0,0.0,1178,SSE/S/SRM/TPJ077355-S AND T-SR,Railway_Operations,TPJ,Tiruchirappalli,2026-03-31,12.5.0
543800040018,Signal Pole Tubular with 140 mm outer dia 4.6 Mtrs tall,0.0,0.0,1100,SSE/S/SRM/TPJ077355-S AND T-SR,Railway_Operations,TPJ,Tiruchirappalli,2026-03-31,12.5.0
564682320019,"SIGNALS, COLOUR LIGHT, MULTI UNIT TYPE, SEARCH LIGHT TYPE.",0.0,0.0,1497,SSE/S/SRM/TPJ077355-S AND T-SR,Railway_Operations,TPJ,Tiruchirappalli,2026-03-31,12.5.0
567914060014,Electrical Signalling equipments and spares not otherwise classified.,0.0,0.0,932,SSE/S/SRM/TPJ077355-S AND T-SR,Railway_Operations,TPJ,Tiruchirappalli,2026-03-31,12.5.0
567908380018,ARA/PBT FUSE BLOCK,0.0,0.0,1217,SSE/S/SRM/TPJ077355-S AND T-SR,Railway_Operations,TPJ,Tiruchirappalli,2026-03-31,12.5.0
560612340010,Misc Signalling spares,0.0,0.0,1360,SSE/S/SRM/TPJ077355-S AND T-SR,Railway_Operations,TPJ,Tiruchirappalli,2026-03-31,12.5.0
569012540014,Miscellaneous.,0.0,0.0,1521,SSE/S/SRM/TPJ077355-S AND T-SR,Railway_Operations,TPJ,Tiruchirappalli,2026-03-31,12.5.0
560408090011,Digital Axle Counter spares,0.0,0.0,1521,SSE/S/SRM/TPJ077355-S AND T-SR,Railway_Operations,TPJ,Tiruchirappalli,2026-03-31,12.5.0
560408100016,Digital Axle Counter spares,0.0,0.0,1521,SSE/S/SRM/TPJ077355-S AND T-SR,Railway_Operations,TPJ,Tiruchirappalli,2026-03-31,12.5.0
560408120015,Digital Axle Counter spares,0.0,0.0,1187,SSE/S/SRM/TPJ077355-S AND T-SR,Railway_Operations,TPJ,Tiruchirappalli,2026-03-31,12.5.0
560408130010,Digital Axle Counter spares,0.0,0.0,1521,SSE/S/SRM/TPJ077355-S AND T-SR,Railway_Operations,TPJ,Tiruchirappalli,2026-03-31,12.5.0
560408140014,Digital Axle Counter spares,0.0,0.0,1521,SSE/S/SRM/TPJ077355-S AND T-SR,Railway_Operations,TPJ,Tiruchirappalli,2026-03-31,12.5.0
560408150019,Digital Axle Counter spares,0.0,0.0,1143,SSE/S/SRM/TPJ077355-S AND T-SR,Railway_Operations,TPJ,Tiruchirappalli,2026-03-31,12.5.0
560408160013,Digital Axle Counter spares,0.0,0.0,1521,SSE/S/SRM/TPJ077355-S AND T-SR,Railway_Operations,TPJ,Tiruchirappalli,2026-03-31,12.5.0
560408170018,Digital Axle Counter spares,0.0,0.0,1521,SSE/S/SRM/TPJ077355-S AND T-SR,Railway_Operations,TPJ,Tiruchirappalli,2026-03-31,12.5.0
560408180012,Digital Axle Counter spares,0.0,0.0,1521,SSE/S/SRM/TPJ077355-S AND T-SR,Railway_Operations,TPJ,Tiruchirappalli,2026-03-31,12.5.0
539882500024,REMOTE TERMINAL UNIT (RTU) OF 64 DIGITAL & 16 ANALOG INPUTS WITH ALL ACCESSORIES,0.0,0.0,779,SSE/S/SRM/TPJ077355-S AND T-SR,Railway_Operations,TPJ,Tiruchirappalli,2026-03-31,12.5.0
529002880011,Miscellaneous.,0.0,0.0,1397,SSE/S/SRM/TPJ077355-S AND T-SR,Railway_Operations,TPJ,Tiruchirappalli,2026-03-31,12.5.0
560403860010,"DC-DC Converter for MSDAC, Make-CEL",0.0,0.0,1510,SSE/S/SRM/TPJ077355-S AND T-SR,Railway_Operations,TPJ,Tiruchirappalli,2026-03-31,12.5.0
509000346672,VRLA Battery 200AH / 2V,0.0,0.0,1462,SSE/S/SRM/TPJ077355-S AND T-SR,Railway_Operations,TPJ,Tiruchirappalli,2026-03-31,12.5.0
509047950014,VRLA battery,0.0,0.0,1381,SSE/S/SRM/TPJ077355-S AND T-SR,Railway_Operations,TPJ,Tiruchirappalli,2026-03-31,12.5.0
331200520110,ROTARY KEY Transmission (RKT),0.0,0.0,797,SSE/S/SRM/TPJ077355-S AND T-SR,Railway_Operations,TPJ,Tiruchirappalli,2026-03-31,12.5.0
561300661026,magneto phone,0.0,0.0,1312,SSE/S/SRM/TPJ077355-S AND T-SR,Railway_Operations,TPJ,Tiruchirappalli,2026-03-31,12.5.0
549006110030,Earth Electrode with Acessoried As Per Drawing No. SG/SN/02/13,0.0,0.0,963,SSE/S/SRM/TPJ077355-S AND T-SR,Railway_Operations,TPJ,Tiruchirappalli,2026-03-31,12.5.0
560608710010,PBT TERMINAL 60mm,0.0,0.0,1217,SSE/S/SRM/TPJ077355-S AND T-SR,Railway_Operations,TPJ,Tiruchirappalli,2026-03-31,12.5.0
539804978320,TV SMART LED 55 INCH LG MAKE,0.0,0.0,1200,SSE/S/SRM/TPJ077355-S AND T-SR,Railway_Operations,TPJ,Tiruchirappalli,2026-03-31,12.5.0
472200010180,INTEGRATED POWER SUPPLY (IPS)  06 Line,0.0,0.0,1144,SSE/S/SRM/TPJ077355-S AND T-SR,Railway_Operations,TPJ,Tiruchirappalli,2026-03-31,12.5.0
567900218792,Electronic interlocking (EI) processor card unit,0.0,0.0,1327,SSE/S/SRM/TPJ077355-S AND T-SR,Railway_Operations,TPJ,Tiruchirappalli,2026-03-31,12.5.0
539882130014,ASSY.HLC RS422/485 INTERFACE ISOLATER,0.0,0.0,1187,SSE/S/SRM/TPJ077355-S AND T-SR,Railway_Operations,TPJ,Tiruchirappalli,2026-03-31,12.5.0
429076285917,AIR CONDITIONER 02 TON CAPACITY SPLIT A C,0.0,0.0,1128,SSE/S/SRM/TPJ077355-S AND T-SR,Railway_Operations,TPJ,Tiruchirappalli,2026-03-31,12.5.0
390300140025,". ASTRONOMICAL TIMER SWITCH FOR STREET LIGHT CONTROL SINGLE PHASE, 10KW/73A, 230V50HZ, IP ....",0.0,0.0,876,SSE/S/SRM/TPJ077355-S AND T-SR,Railway_Operations,TPJ,Tiruchirappalli,2026-03-31,12.5.0
569009550016,FIRE ALARM HEAT AND SMOKE MULTI SENSOR as per RDSO/SPN /217 /2018 ver-2 or latest.,0.0,0.0,1168,SSE/S/SRM/TPJ077355-S AND T-SR,Railway_Operations,TPJ,Tiruchirappalli,2026-03-31,12.5.0
861600920016,LINEAR HEAT SENSING CABLE,0.0,0.0,1168,SSE/S/SRM/TPJ077355-S AND T-SR,Railway_Operations,TPJ,Tiruchirappalli,2026-03-31,12.5.0
861600930010,LINEAR HEAT SENSING INTERFACE MODULES WITH EOL,0.0,0.0,1168,SSE/S/SRM/TPJ077355-S AND T-SR,Railway_Operations,TPJ,Tiruchirappalli,2026-03-31,12.5.0
479007733880,Fire Alarm Fire Survival Cable 2 X 1.5 sq.mm unarmored,0.0,0.0,1168,SSE/S/SRM/TPJ077355-S AND T-SR,Railway_Operations,TPJ,Tiruchirappalli,2026-03-31,12.5.0
569003510021,FIRE ALARM CONTROL MODULE,0.0,0.0,1168,SSE/S/SRM/TPJ077355-S AND T-SR,Railway_Operations,TPJ,Tiruchirappalli,2026-03-31,12.5.0
861600950010,GSM MODULE FOR CONTROL PANEL,0.0,0.0,1168,SSE/S/SRM/TPJ077355-S AND T-SR,Railway_Operations,TPJ,Tiruchirappalli,2026-03-31,12.5.0
861600960026,FIRE ALARM ANALOGUE ADDRESSABLE AND RESETTABLE MANUAL CALL POINT WITH BACK BOX  AS PER RDS....,0.0,0.0,1168,SSE/S/SRM/TPJ077355-S AND T-SR,Railway_Operations,TPJ,Tiruchirappalli,2026-03-31,12.5.0
439099344859,FIRE ALARM ELECTRONIC HOOTER CUM STROBE,0.0,0.0,1168,SSE/S/SRM/TPJ077355-S AND T-SR,Railway_Operations,TPJ,Tiruchirappalli,2026-03-31,12.5.0
861600990018,CONTROL MODULE ADDRESSABLE RE-717 MC,0.0,0.0,1168,SSE/S/SRM/TPJ077355-S AND T-SR,Railway_Operations,TPJ,Tiruchirappalli,2026-03-31,12.5.0
861601000014,MONITOR MODULE ADDRESSABLE RE- 717 MM,0.0,0.0,1168,SSE/S/SRM/TPJ077355-S AND T-SR,Railway_Operations,TPJ,Tiruchirappalli,2026-03-31,12.5.0
565000094328,B type CHOKE coil for single rail Track Circuit on 25KV 50 Hz AC electrified section as pe....,0.0,0.0,1097,SSE/S/SRM/TPJ077355-S AND T-SR,Railway_Operations,TPJ,Tiruchirappalli,2026-03-31,12.5.0
560404362326,AXLE COUNTER RX COIL (CEL),0.0,0.0,1047,SSE/S/SRM/TPJ077355-S AND T-SR,Railway_Operations,TPJ,Tiruchirappalli,2026-03-31,12.5.0
560400080211,AXLE COUNTER TX COIL (CEL),0.0,0.0,1047,SSE/S/SRM/TPJ077355-S AND T-SR,Railway_Operations,TPJ,Tiruchirappalli,2026-03-31,12.5.0
539809231008,Battery Charger 230/60V ; 20Amp,0.0,0.0,1801,SSE/S/SRM/TPJ077355-S AND T-SR,Railway_Operations,TPJ,Tiruchirappalli,2026-03-31,12.5.0
561300660060,Galvo Assembly,0.0,0.0,1052,SSE/S/SRM/TPJ077355-S AND T-SR,Railway_Operations,TPJ,Tiruchirappalli,2026-03-31,12.5.0
561301120011,Diodo Block Receiver 1800Hz,0.0,0.0,1415,SSE/S/SRM/TPJ077355-S AND T-SR,Railway_Operations,TPJ,Tiruchirappalli,2026-03-31,12.5.0
569001060395,AVR,0.0,0.0,996,SSE/S/SRM/TPJ077355-S AND T-SR,Railway_Operations,TPJ,Tiruchirappalli,2026-03-31,12.5.0
539810930014,Inverter 24 Volt/110 V AC ; 500 VA,0.0,0.0,1241,SSE/S/SRM/TPJ077355-S AND T-SR,Railway_Operations,TPJ,Tiruchirappalli,2026-03-31,12.5.0
539818400014,DIGITAL VOICE ANNOUNCIATOR DRIVER UNIT,0.0,0.0,1357,SSE/S/SRM/TPJ077355-S AND T-SR,Railway_Operations,TPJ,Tiruchirappalli,2026-03-31,12.5.0
501800241427,Horn unit (40w),0.0,0.0,1357,SSE/S/SRM/TPJ077355-S AND T-SR,Railway_Operations,TPJ,Tiruchirappalli,2026-03-31,12.5.0
560602392864,PANEL COUNTER ASSEMBLY 24V DC,0.0,0.0,1044,SSE/S/SRM/TPJ077355-S AND T-SR,Railway_Operations,TPJ,Tiruchirappalli,2026-03-31,12.5.0
549007491537,Pipe GI. 100mm,0.0,0.0,828,SSE/S/SRM/TPJ077355-S AND T-SR,Railway_Operations,TPJ,Tiruchirappalli,2026-03-31,12.5.0
539818040010,Relay Connector,0.0,0.0,1291,SSE/S/SRM/TPJ077355-S AND T-SR,Railway_Operations,TPJ,Tiruchirappalli,2026-03-31,12.5.0
542100010018,CRANKS Adjustable 12X18 inch,0.0,0.0,871,SSE/S/SRM/TPJ077355-S AND T-SR,Railway_Operations,TPJ,Tiruchirappalli,2026-03-31,12.5.0
549005950012,Bottom Roller,0.0,0.0,986,SSE/S/SRM/TPJ077355-S AND T-SR,Railway_Operations,TPJ,Tiruchirappalli,2026-03-31,12.5.0
549005930013,Top Roller,0.0,0.0,1000,SSE/S/SRM/TPJ077355-S AND T-SR,Railway_Operations,TPJ,Tiruchirappalli,2026-03-31,12.5.0
549005940018,Top Roller Pin,0.0,0.0,986,SSE/S/SRM/TPJ077355-S AND T-SR,Railway_Operations,TPJ,Tiruchirappalli,2026-03-31,12.5.0
981100050010,SCREW COUPLING,0.0,0.0,1031,SSE/S/SRM/TPJ077355-S AND T-SR,Railway_Operations,TPJ,Tiruchirappalli,2026-03-31,12.5.0
555500010079,Segmented Gate Boom 10,0.0,0.0,986,SSE/S/SRM/TPJ077355-S AND T-SR,Railway_Operations,TPJ,Tiruchirappalli,2026-03-31,12.5.0
549007220621,CLS HOOD FOR CALLING ON /ROUTE,0.0,0.0,1433,SSE/S/SRM/TPJ077355-S AND T-SR,Railway_Operations,TPJ,Tiruchirappalli,2026-03-31,12.5.0
541500070160,BACK STAGING OF MAIN SIGNAL LADDER ASSEMBLY,0.0,0.0,1210,SSE/S/SRM/TPJ077355-S AND T-SR,Railway_Operations,TPJ,Tiruchirappalli,2026-03-31,12.5.0
543500020075,CLS LADDER SHOE,0.0,0.0,817,SSE/S/SRM/TPJ077355-S AND T-SR,Railway_Operations,TPJ,Tiruchirappalli,2026-03-31,12.5.0
544100020010,SIGNAL POST 4.5 mts,0.0,0.0,986,SSE/S/SRM/TPJ077355-S AND T-SR,Railway_Operations,TPJ,Tiruchirappalli,2026-03-31,12.5.0
404008912178,Route Arm,0.0,0.0,1100,SSE/S/SRM/TPJ077355-S AND T-SR,Railway_Operations,TPJ,Tiruchirappalli,2026-03-31,12.5.0
509041001511,Solar Panels for Signalling purpose 12V/35W/70W/80W,0.0,0.0,1301,SSE/S/SRM/TPJ077355-S AND T-SR,Railway_Operations,TPJ,Tiruchirappalli,2026-03-31,12.5.0
567900801023,SURGE PROTECTION DEVICE,0.0,0.0,1690,SSE/S/SRM/TPJ077355-S AND T-SR,Railway_Operations,TPJ,Tiruchirappalli,2026-03-31,12.5.0
465100010014,ANGLE 9037,0.0,0.0,1434,SSE/S/SRM/TPJ077355-S AND T-SR,Railway_Operations,TPJ,Tiruchirappalli,2026-03-31,12.5.0
40071110,CABLE 3/0.75mm SINGLE CORE PVC INSULATED UNARMOURED RAILWAY SIGNALLING CABLE COMPRISING OF....,0.0,0.0,871,SSE/S/SRM/TPJ077355-S AND T-SR,Railway_Operations,TPJ,Tiruchirappalli,2026-03-31,12.5.0
52156576,BATTERY CHARGER 230V AC 110V DC 30 AMPS SPECN.No.IRS-S-86/2000 WITH AMENDMENT - 4. OR LATE....,0.0,0.0,1364,SSE/S/SRM/TPJ077355-S AND T-SR,Railway_Operations,TPJ,Tiruchirappalli,2026-03-31,12.5.0
565000074639,Retroreflective sticker for Goods Warning Board,0.0,0.0,1100,SSE/S/SRM/TPJ077355-S AND T-SR,Railway_Operations,TPJ,Tiruchirappalli,2026-03-31,12.5.0
469028501865,STOP BOARD W/O ANGLE,0.0,0.0,790,SSE/S/SRM/TPJ077355-S AND T-SR,Railway_Operations,TPJ,Tiruchirappalli,2026-03-31,12.5.0
567909680010,Tumbler Spring For E - Type Lock,0.0,0.0,1663,SSE/S/SRM/TPJ077355-S AND T-SR,Railway_Operations,TPJ,Tiruchirappalli,2026-03-31,12.5.0
67900197,LEAD ACID STORAGE BATTERY FOR MOTOR VEHICLES 17 PLATES DRY UNCHARGED 12 VOLTS/120 AH. CAPA....,0.0,0.0,1434,SSE/S/SRM/TPJ077355-S AND T-SR,Railway_Operations,TPJ,Tiruchirappalli,2026-03-31,12.5.0
539863180019,ANNOUNCIATOR 12 WAY,0.0,0.0,1245,SSE/S/SRM/TPJ077355-S AND T-SR,Railway_Operations,TPJ,Tiruchirappalli,2026-03-31,12.5.0
542100010079,Ordinary Crank,0.0,0.0,1070,SSE/S/SRM/TPJ077355-S AND T-SR,Railway_Operations,TPJ,Tiruchirappalli,2026-03-31,12.5.0
561301160010,Bell Unit for SGE Block Instrument,0.0,0.0,740,SSE/S/SRM/TPJ077355-S AND T-SR,Railway_Operations,TPJ,Tiruchirappalli,2026-03-31,12.5.0
460400080015,RECTIFIERS,0.0,0.0,904,SSE/S/SRM/TPJ077355-S AND T-SR,Railway_Operations,TPJ,Tiruchirappalli,2026-03-31,12.5.0
500600291023,Amplifier for Announcing System (LC gate),0.0,0.0,1052,SSE/S/SRM/TPJ077355-S AND T-SR,Railway_Operations,TPJ,Tiruchirappalli,2026-03-31,12.5.0
560101300018,SPRING TENSION ADJUSTER FOR DOUBLE LINE BLOCK INSTRUMENT,0.0,0.0,1093,SSE/S/SRM/TPJ077355-S AND T-SR,Railway_Operations,TPJ,Tiruchirappalli,2026-03-31,12.5.0
721400940018,SINGLE ENDED SPANNER (OFF SIZES),0.0,0.0,1093,SSE/S/SRM/TPJ077355-S AND T-SR,Railway_Operations,TPJ,Tiruchirappalli,2026-03-31,12.5.0
539809150010,IRS type high thrase point machine 220mm,0.0,0.0,1364,SSE/S/SRM/TPJ077355-S AND T-SR,Railway_Operations,TPJ,Tiruchirappalli,2026-03-31,12.5.0
560601570011,electrical detectors,0.0,0.0,856,SSE/S/SRM/TPJ077355-S AND T-SR,Railway_Operations,TPJ,Tiruchirappalli,2026-03-31,12.5.0
542100020012,STRAIGHT ARM CRANK 12X12,0.0,0.0,1070,SSE/S/SRM/TPJ077355-S AND T-SR,Railway_Operations,TPJ,Tiruchirappalli,2026-03-31,12.5.0
542120120012,Straight Arm Adjustable Crank. 12X18.,0.0,0.0,1070,SSE/S/SRM/TPJ077355-S AND T-SR,Railway_Operations,TPJ,Tiruchirappalli,2026-03-31,12.5.0
539821020014,SIGNAL SURFACE BASE,0.0,0.0,1234,SSE/S/SRM/TPJ077355-S AND T-SR,Railway_Operations,TPJ,Tiruchirappalli,2026-03-31,12.5.0
560603406251,SIGNAL LADDER,0.0,0.0,1237,SSE/S/SRM/TPJ077355-S AND T-SR,Railway_Operations,TPJ,Tiruchirappalli,2026-03-31,12.5.0
539827130012,Ladder platform for CLS signal maintenance platform.,0.0,0.0,1234,SSE/S/SRM/TPJ077355-S AND T-SR,Railway_Operations,TPJ,Tiruchirappalli,2026-03-31,12.5.0
564200060017,signal Hood,0.0,0.0,1210,SSE/S/SRM/TPJ077355-S AND T-SR,Railway_Operations,TPJ,Tiruchirappalli,2026-03-31,12.5.0
549007661110,A TYPE FOUNDATION,0.0,0.0,870,SSE/S/SRM/TPJ077355-S AND T-SR,Railway_Operations,TPJ,Tiruchirappalli,2026-03-31,12.5.0
560406770018,GG TRONICS MAKE AXLE COUNTER WITH CARDS,0.0,0.0,1115,SSE/S/SRM/TPJ077355-S AND T-SR,Railway_Operations,TPJ,Tiruchirappalli,2026-03-31,12.5.0
509843660310,Relay box for SSDAC GG TRONICS,0.0,0.0,1110,SSE/S/SRM/TPJ077355-S AND T-SR,Railway_Operations,TPJ,Tiruchirappalli,2026-03-31,12.5.0
543400010187,SOLID JOINT 32mm (BUTT END) AS PER RDSO DRG.NO. SA 6050/M (ADV.) WITH (ALT-3).,0.0,0.0,1070,SSE/S/SRM/TPJ077355-S AND T-SR,Railway_Operations,TPJ,Tiruchirappalli,2026-03-31,12.5.0
559002710014,E TYPE LOCK SPRING,0.0,0.0,1124,SSE/S/SRM/TPJ077355-S AND T-SR,Railway_Operations,TPJ,Tiruchirappalli,2026-03-31,12.5.0
508310190020,Supply of 24 Volt 120/130 AH VRLA BATTERY BANK As per RDSO Spec. IRS:S-93/96 (SW-9/25-A),0.0,0.0,1063,SSE/S/SRM/TPJ077355-S AND T-SR,Railway_Operations,TPJ,Tiruchirappalli,2026-03-31,12.5.0
539874770010,CABLE 60 CORE X 1SQ.MM COPPER,0.0,0.0,1044,SSE/S/SRM/TPJ077355-S AND T-SR,Railway_Operations,TPJ,Tiruchirappalli,2026-03-31,12.5.0
565094341898,MS Box for LC Gate Switch,0.0,0.0,986,SSE/S/SRM/TPJ077355-S AND T-SR,Railway_Operations,TPJ,Tiruchirappalli,2026-03-31,12.5.0
91110506,Lead Wool or Yarn for Caulking as per IS:782/1978 (3rd Rev.) or latest.,0.0,0.0,982,SSE/S/SRM/TPJ077355-S AND T-SR,Railway_Operations,TPJ,Tiruchirappalli,2026-03-31,12.5.0
759098202799,PLB HDPE Pipe Size:40/33mm  with required  accessories as per latest RDSO Spec. No.RDSO/S....,0.0,0.0,941,SSE/S/SRM/TPJ077355-S AND T-SR,Railway_Operations,TPJ,Tiruchirappalli,2026-03-31,12.5.0
560603406263,Signal ladder of Sizes  With/Without Clamp  for CLS,0.0,0.0,1086,SSE/S/SRM/TPJ077355-S AND T-SR,Railway_Operations,TPJ,Tiruchirappalli,2026-03-31,12.5.0
539802824762,"DWC SPLIT PIPE 120/103mm dia, 2mtr long in already dug cable trenches as per drawing no.SK....",0.0,0.0,828,SSE/S/SRM/TPJ077355-S AND T-SR,Railway_Operations,TPJ,Tiruchirappalli,2026-03-31,12.5.0
479900041827,4KVA Stabilizer for AC UNIT,0.0,0.0,778,SSE/S/SRM/TPJ077355-S AND T-SR,Railway_Operations,TPJ,Tiruchirappalli,2026-03-31,12.5.0
72081478,DRILLS TWIST H.S.S. MORSE TAPER SHANK DIA 7.2mm OF DRILL  IS.5103/1969 & IS.5099/69.,0.0,0.0,1241,SSE/S/SRM/TPJ077355-S AND T-SR,Railway_Operations,TPJ,Tiruchirappalli,2026-03-31,12.5.0
539811130017,Fuse ND Type 2 Amp,0.0,0.0,785,SSE/S/SRM/TPJ077355-S AND T-SR,Railway_Operations,TPJ,Tiruchirappalli,2026-03-31,12.5.0
794700020011,RAIN COAT,0.0,0.0,1090,SSE/S/SRM/TPJ077355-S AND T-SR,Railway_Operations,TPJ,Tiruchirappalli,2026-03-31,12.5.0
77033255,"ENAMEL, SYNTHETIC,  EXTERIOR, FINISHING 'WHITE' .  SPECIFICATION: - IS.8662/04 & ICF/MD/SP....",0.0,0.0,1801,SSE/S/SRM/TPJ077355-S AND T-SR,Railway_Operations,TPJ,Tiruchirappalli,2026-03-31,12.5.0
794700550012,"Nylon Rain suite with Integrated Hood and Trouser, nylon as per identification of textile ....",0.0,0.0,1262,SSE/S/SRM/TPJ077355-S AND T-SR,Railway_Operations,TPJ,Tiruchirappalli,2026-03-31,12.5.0
79310000,Industrial Safety Helmet IS:2925,0.0,0.0,982,SSE/S/SRM/TPJ077355-S AND T-SR,Railway_Operations,TPJ,Tiruchirappalli,2026-03-31,12.5.0
567922110011,"24-32V/5Amp DC-DC converter for IPS (Supply to be made inset, each set consists of 6 Nos ....",0.0,0.0,898,SSE/S/SRM/TPJ077355-S AND T-SR,Railway_Operations,TPJ,Tiruchirappalli,2026-03-31,12.5.0
539868610030,19M/59 Fit and Forget Lead wire 3 mtr,0.0,0.0,886,SSE/S/SRM/TPJ077355-S AND T-SR,Railway_Operations,TPJ,Tiruchirappalli,2026-03-31,12.5.0
549007661110,A TYPE FOUNDATION,0.0,0.0,1329,SSE/S/SRM/TPJ077355-S AND T-SR,Railway_Operations,TPJ,Tiruchirappalli,2026-03-31,12.5.0
469069190015,Angles of Sizes,0.0,0.0,1329,SSE/S/SRM/TPJ077355-S AND T-SR,Railway_Operations,TPJ,Tiruchirappalli,2026-03-31,12.5.0
539815070015,Release Apparatus case,0.0,0.0,1069,SSE/S/SRM/TPJ077355-S AND T-SR,Railway_Operations,TPJ,Tiruchirappalli,2026-03-31,12.5.0
783000751009,WOODEN plank of sizes,0.0,0.0,1289,SSE/S/SRM/TPJ077355-S AND T-SR,Railway_Operations,TPJ,Tiruchirappalli,2026-03-31,12.5.0
565094822130,Single Section Digital Axle Counter (Phase Reversal type),0.0,0.0,1086,SSE/S/SRM/TPJ077355-S AND T-SR,Railway_Operations,TPJ,Tiruchirappalli,2026-03-31,12.5.0
560400080211,AXLE COUNTER TX COIL (CEL),0.0,0.0,1321,SSE/S/SRM/TPJ077355-S AND T-SR,Railway_Operations,TPJ,Tiruchirappalli,2026-03-31,12.5.0
900900100264,RELEASED M.S. ANGLE 40X40X6 MM,0.0,0.0,1689,SSE/S/SRM/TPJ077355-S AND T-SR,Railway_Operations,TPJ,Tiruchirappalli,2026-03-31,12.5.0
400784330017,CABLE PVC & POLYTHENE INSULATED.,0.0,0.0,1263,SSE/S/SRM/TPJ077355-S AND T-SR,Railway_Operations,TPJ,Tiruchirappalli,2026-03-31,12.5.0
542100010031,Adjustable Crank,0.0,0.0,992,SSE/S/SRM/TPJ077355-S AND T-SR,Railway_Operations,TPJ,Tiruchirappalli,2026-03-31,12.5.0
470200013894,DIESEL GENERATORS 15KVA,0.0,0.0,792,SSE/S/SRM/TPJ077355-S AND T-SR,Railway_Operations,TPJ,Tiruchirappalli,2026-03-31,12.5.0
567912690018,SMPS BASED IPS FOR LC GATE WITH ALL ACCESSORIES  & VRLA BATTERIES ( 55+5 NOS),0.0,0.0,852,SSE/S/SRM/TPJ077355-S AND T-SR,Railway_Operations,TPJ,Tiruchirappalli,2026-03-31,12.5.0
56301704,ROTARY LOCKING TYPE POINT MACHINE GROUND CONNECTION,0.0,0.0,1224,SSE/S/SRM/TPJ077355-S AND T-SR,Railway_Operations,TPJ,Tiruchirappalli,2026-03-31,12.5.0
782000671489,POLYTHENE JAR,0.0,0.0,1319,SSE/S/SRM/TPJ077355-S AND T-SR,Railway_Operations,TPJ,Tiruchirappalli,2026-03-31,12.5.0
549000631731,LOCATION BOX QUARTER,0.0,0.0,880,SSE/S/SRM/TPJ077355-S AND T-SR,Railway_Operations,TPJ,Tiruchirappalli,2026-03-31,12.5.0
460501380016,RELAYS,0.0,0.0,1224,SSE/S/SRM/TPJ077355-S AND T-SR,Railway_Operations,TPJ,Tiruchirappalli,2026-03-31,12.5.0
560600020015,RELAY RACK 1 WAY,0.0,0.0,984,SSE/S/SRM/TPJ077355-S AND T-SR,Railway_Operations,TPJ,Tiruchirappalli,2026-03-31,12.5.0
564200170029,CLS UNIT FRAMES FOR SIGNAL ASPECT  UNIT,0.0,0.0,1305,SSE/S/SRM/TPJ077355-S AND T-SR,Railway_Operations,TPJ,Tiruchirappalli,2026-03-31,12.5.0
567910577533,Released Calling on Signal Unit,0.0,0.0,1250,SSE/S/SRM/TPJ077355-S AND T-SR,Railway_Operations,TPJ,Tiruchirappalli,2026-03-31,12.5.0
560603406287,SIGNAL LADDER,0.0,0.0,1086,SSE/S/SRM/TPJ077355-S AND T-SR,Railway_Operations,TPJ,Tiruchirappalli,2026-03-31,12.5.0
541500070196,signal platform (RELEASED),0.0,0.0,1226,SSE/S/SRM/TPJ077355-S AND T-SR,Railway_Operations,TPJ,Tiruchirappalli,2026-03-31,12.5.0
539822190018,"Signal post (without base, surface,ladder etc.)",0.0,0.0,992,SSE/S/SRM/TPJ077355-S AND T-SR,Railway_Operations,TPJ,Tiruchirappalli,2026-03-31,12.5.0
539821020014,SIGNAL SURFACE BASE,0.0,0.0,1224,SSE/S/SRM/TPJ077355-S AND T-SR,Railway_Operations,TPJ,Tiruchirappalli,2026-03-31,12.5.0
564200060017,signal Hood,0.0,0.0,1237,SSE/S/SRM/TPJ077355-S AND T-SR,Railway_Operations,TPJ,Tiruchirappalli,2026-03-31,12.5.0
420427150016,TERMINAL BOARD,0.0,0.0,1086,SSE/S/SRM/TPJ077355-S AND T-SR,Railway_Operations,TPJ,Tiruchirappalli,2026-03-31,12.5.0
564800150080,TERMINAL PBT 25MM,0.0,0.0,984,SSE/S/SRM/TPJ077355-S AND T-SR,Railway_Operations,TPJ,Tiruchirappalli,2026-03-31,12.5.0
565100011482,Transformer Rectifier,0.0,0.0,1303,SSE/S/SRM/TPJ077355-S AND T-SR,Railway_Operations,TPJ,Tiruchirappalli,2026-03-31,12.5.0
759098201837,110 mm dia HDPE pipe ISI Mark IS: no. 4984:2016,0.0,0.0,841,SSE/S/SRM/TPJ077355-S AND T-SR,Railway_Operations,TPJ,Tiruchirappalli,2026-03-31,12.5.0
569902250044,"SAFETY POINT ALARM UNIT(LED indication system with 6 indications, buzzer of data logger",0.0,0.0,922,SSE/S/SRM/TPJ077355-S AND T-SR,Railway_Operations,TPJ,Tiruchirappalli,2026-03-31,12.5.0
981100050046,SCREW COUPLING,0.0,0.0,1031,SSE/S/SRM/TPJ077355-S AND T-SR,Railway_Operations,TPJ,Tiruchirappalli,2026-03-31,12.5.0
569902250044,"SAFETY POINT ALARM UNIT(LED indication system with 6 indications, buzzer of data logger",0.0,0.0,935,SSE/S/SRM/TPJ077355-S AND T-SR,Railway_Operations,TPJ,Tiruchirappalli,2026-03-31,12.5.0
431500731485,SERVO VOLTAGE STABLIZER,0.0,0.0,1289,SSE/S/SRM/TPJ077355-S AND T-SR,Railway_Operations,TPJ,Tiruchirappalli,2026-03-31,12.5.0
56509959,Under ground Railway Signaling Cable size-12 Core x 1.5sqmm unscreened PVC Insulated PVC i....,0.0,0.0,864,SSE/S/SRM/TPJ077355-S AND T-SR,Railway_Operations,TPJ,Tiruchirappalli,2026-03-31,12.5.0
553000030160,HAND PLUNGER LOCK,0.0,0.0,1070,SSE/S/SRM/TPJ077355-S AND T-SR,Railway_Operations,TPJ,Tiruchirappalli,2026-03-31,12.5.0
56509960,CABLE PVC INSULATED ARMOUND UNSCREENED UNDERGROUND POWER CABLE OF SIZE 2C X 25 SQ.MM ALUMI....,0.0,0.0,848,SSE/S/SRM/TPJ077355-S AND T-SR,Railway_Operations,TPJ,Tiruchirappalli,2026-03-31,12.5.0
539823821038,SM SLIDE (RELEASED),0.0,0.0,1291,SSE/S/SRM/TPJ077355-S AND T-SR,Railway_Operations,TPJ,Tiruchirappalli,2026-03-31,12.5.0
565172832299,Released Relay frames,0.0,0.0,1291,SSE/S/SRM/TPJ077355-S AND T-SR,Railway_Operations,TPJ,Tiruchirappalli,2026-03-31,12.5.0
560400131644,SVPD (Released),0.0,0.0,1290,SSE/S/SRM/TPJ077355-S AND T-SR,Railway_Operations,TPJ,Tiruchirappalli,2026-03-31,12.5.0
470200013535,Diesel Generator 6KVA.,0.0,0.0,1226,SSE/S/SRM/TPJ077355-S AND T-SR,Railway_Operations,TPJ,Tiruchirappalli,2026-03-31,12.5.0
567922110011,"24-32V/5Amp DC-DC converter for IPS (Supply to be made inset, each set consists of 6 Nos ....",0.0,0.0,880,SSE/S/SRM/TPJ077355-S AND T-SR,Railway_Operations,TPJ,Tiruchirappalli,2026-03-31,12.5.0
401107570017,"PVC Flexible Cable wire 10 sq mm Cross Section Multi stranded wire copper Conductors , of ....",0.0,0.0,1070,SSE/S/SRM/TPJ077355-S AND T-SR,Railway_Operations,TPJ,Tiruchirappalli,2026-03-31,12.5.0
409002460100,empty cable drum,0.0,0.0,1177,SSE/S/SRM/TPJ077355-S AND T-SR,Railway_Operations,TPJ,Tiruchirappalli,2026-03-31,12.5.0
539821990015,AXLE COUNTER RX COIL,0.0,0.0,1321,SSE/S/SRM/TPJ077355-S AND T-SR,Railway_Operations,TPJ,Tiruchirappalli,2026-03-31,12.5.0
429079217870,Axle counter VR BOX WITH RELAYS (Released),0.0,0.0,1321,SSE/S/SRM/TPJ077355-S AND T-SR,Railway_Operations,TPJ,Tiruchirappalli,2026-03-31,12.5.0
429081582888,BATTERY STAND-WOODEN,0.0,0.0,1321,SSE/S/SRM/TPJ077355-S AND T-SR,Railway_Operations,TPJ,Tiruchirappalli,2026-03-31,12.5.0
910173850040,M.F EARTH COPPER ROD,0.0,0.0,1321,SSE/S/SRM/TPJ077355-S AND T-SR,Railway_Operations,TPJ,Tiruchirappalli,2026-03-31,12.5.0
603201171007,ALTERNATOR FOR GENERATOR,0.0,0.0,1321,SSE/S/SRM/TPJ077355-S AND T-SR,Railway_Operations,TPJ,Tiruchirappalli,2026-03-31,12.5.0
563015710351,RELEASED POINT MACHINE ALL TYPE,0.0,0.0,1224,SSE/S/SRM/TPJ077355-S AND T-SR,Railway_Operations,TPJ,Tiruchirappalli,2026-03-31,12.5.0
556200010395,TOP ROLLER (R),0.0,0.0,986,SSE/S/SRM/TPJ077355-S AND T-SR,Railway_Operations,TPJ,Tiruchirappalli,2026-03-31,12.5.0
556200010139,TRESTLES,0.0,0.0,981,SSE/S/SRM/TPJ077355-S AND T-SR,Railway_Operations,TPJ,Tiruchirappalli,2026-03-31,12.5.0
569902130014,MAIN SIGNAL OFF SET BRACKET,0.0,0.0,1305,SSE/S/SRM/TPJ077355-S AND T-SR,Railway_Operations,TPJ,Tiruchirappalli,2026-03-31,12.5.0
560604021129,SHUNT SIGNAL BASE WITH POST,0.0,0.0,1224,SSE/S/SRM/TPJ077355-S AND T-SR,Railway_Operations,TPJ,Tiruchirappalli,2026-03-31,12.5.0
56509960,CABLE PVC INSULATED ARMOUND UNSCREENED UNDERGROUND POWER CABLE OF SIZE 2C X 25 SQ.MM ALUMI....,0.0,0.0,817,SSE/S/SRM/TPJ077355-S AND T-SR,Railway_Operations,TPJ,Tiruchirappalli,2026-03-31,12.5.0
782000561908,TEAK WOOD BOARD,0.0,0.0,1303,SSE/S/SRM/TPJ077355-S AND T-SR,Railway_Operations,TPJ,Tiruchirappalli,2026-03-31,12.5.0
565172840715,Released  Data Logger,0.0,0.0,1290,SSE/S/SRM/TPJ077355-S AND T-SR,Railway_Operations,TPJ,Tiruchirappalli,2026-03-31,12.5.0
560610430020,TLD BOX - FRP WITH ANGULARS,0.0,0.0,790,SSE/S/SRM/TPJ077355-S AND T-SR,Railway_Operations,TPJ,Tiruchirappalli,2026-03-31,12.5.0
461385815351,U BOLT,0.0,0.0,1210,SSE/S/SRM/TPJ077355-S AND T-SR,Railway_Operations,TPJ,Tiruchirappalli,2026-03-31,12.5.0
461385530010,FOUNDATION BOLTS,0.0,0.0,905,SSE/S/SRM/TPJ077355-S AND T-SR,Railway_Operations,TPJ,Tiruchirappalli,2026-03-31,12.5.0
730500072135,Bolt and nut,0.0,0.0,1291,SSE/S/SRM/TPJ077355-S AND T-SR,Railway_Operations,TPJ,Tiruchirappalli,2026-03-31,12.5.0
56119537,CABLE SIZE 2 CORE X 2.5 SQMM  PVC INSULATED  FOR RAILWAY SIGNALLING HEAVY DUTY UNDER GROUN....,0.0,0.0,803,SSE/S/SRM/TPJ077355-S AND T-SR,Railway_Operations,TPJ,Tiruchirappalli,2026-03-31,12.5.0
502323191098,Signal post Telephone Master and slave Unit,0.0,0.0,1290,SSE/S/SRM/TPJ077355-S AND T-SR,Railway_Operations,TPJ,Tiruchirappalli,2026-03-31,12.5.0
565198540012,Hooter for LC gate,0.0,0.0,1290,SSE/S/SRM/TPJ077355-S AND T-SR,Railway_Operations,TPJ,Tiruchirappalli,2026-03-31,12.5.0
555200030012,signal ladder guard,0.0,0.0,1069,SSE/S/SRM/TPJ077355-S AND T-SR,Railway_Operations,TPJ,Tiruchirappalli,2026-03-31,12.5.0
560603820857,D Bracket for ground connection,0.0,0.0,1290,SSE/S/SRM/TPJ077355-S AND T-SR,Railway_Operations,TPJ,Tiruchirappalli,2026-03-31,12.5.0
539810330011,L Bracket for point machine,0.0,0.0,1290,SSE/S/SRM/TPJ077355-S AND T-SR,Railway_Operations,TPJ,Tiruchirappalli,2026-03-31,12.5.0
466419100013,RODS,0.0,0.0,1290,SSE/S/SRM/TPJ077355-S AND T-SR,Railway_Operations,TPJ,Tiruchirappalli,2026-03-31,12.5.0
539827700011,SSDAC Digital Axle counter.,0.0,0.0,1110,SSE/S/SRM/TPJ077355-S AND T-SR,Railway_Operations,TPJ,Tiruchirappalli,2026-03-31,12.5.0
603208471008,RELEASED CHANGE OVER SWITCH,0.0,0.0,1290,SSE/S/SRM/TPJ077355-S AND T-SR,Railway_Operations,TPJ,Tiruchirappalli,2026-03-31,12.5.0
831500010038,BOX WOODEN OFF SIZES,0.0,0.0,1290,SSE/S/SRM/TPJ077355-S AND T-SR,Railway_Operations,TPJ,Tiruchirappalli,2026-03-31,12.5.0
470200014801,Diesel Generator 7.5 KVA,0.0,0.0,1000,SSE/S/SRM/TPJ077355-S AND T-SR,Railway_Operations,TPJ,Tiruchirappalli,2026-03-31,12.5.0
712500010024,Empty Drum 20 ltrs Capacity,0.0,0.0,1289,SSE/S/SRM/TPJ077355-S AND T-SR,Railway_Operations,TPJ,Tiruchirappalli,2026-03-31,12.5.0
429081239604,NICAD BATTERY CHARGER,0.0,0.0,1182,SSE/S/SRM/TPJ077355-S AND T-SR,Railway_Operations,TPJ,Tiruchirappalli,2026-03-31,12.5.0
860130140165,FIRE EXTINGUISHER,0.0,0.0,1263,SSE/S/SRM/TPJ077355-S AND T-SR,Railway_Operations,TPJ,Tiruchirappalli,2026-03-31,12.5.0
560800170033,ELECTRIC MOTOR POINT MACHINE COVER   (Released),0.0,0.0,1224,SSE/S/SRM/TPJ077355-S AND T-SR,Railway_Operations,TPJ,Tiruchirappalli,2026-03-31,12.5.0
522001760017,POINT MACHINE CONTACT SPRING ASSEMBLEY,0.0,0.0,1224,SSE/S/SRM/TPJ077355-S AND T-SR,Railway_Operations,TPJ,Tiruchirappalli,2026-03-31,12.5.0
560403082243,DC DC Convertor Card for SSDAC CEL,0.0,0.0,1115,SSE/S/SRM/TPJ077355-S AND T-SR,Railway_Operations,TPJ,Tiruchirappalli,2026-03-31,12.5.0
982400170020,Empty IRON Drum 200 Liter Cap.,0.0,0.0,1177,SSE/S/SRM/TPJ077355-S AND T-SR,Railway_Operations,TPJ,Tiruchirappalli,2026-03-31,12.5.0
45147012,"Uninsulated cadmium copper catenary wire (19/2.10 mm), 65 Sq.mm. Conforming to RDSO Specif....",0.0,0.0,914,SSE/S/SRM/TPJ077355-S AND T-SR,Railway_Operations,TPJ,Tiruchirappalli,2026-03-31,12.5.0
539882500024,REMOTE TERMINAL UNIT (RTU) OF 64 DIGITAL & 16 ANALOG INPUTS WITH ALL ACCESSORIES,0.0,0.0,817,SSE/S/SRM/TPJ077355-S AND T-SR,Railway_Operations,TPJ,Tiruchirappalli,2026-03-31,12.5.0
83049540,TNPL 80 GSM XEROX SHEETS SIZE A4 (297 X 210 MM) GSM 80.BRIGHTNESS-MILK WHITE. NOTE: 1. FIR....,0.0,0.0,1564,SSE/S/SRM/TPJ077355-S AND T-SR,Railway_Operations,TPJ,Tiruchirappalli,2026-03-31,12.5.0
783000281273,Rack wooden,0.0,0.0,1692,SSE/S/SRM/TPJ077355-S AND T-SR,Railway_Operations,TPJ,Tiruchirappalli,2026-03-31,12.5.0
787900404050,SICKLE,0.0,0.0,1692,SSE/S/SRM/TPJ077355-S AND T-SR,Railway_Operations,TPJ,Tiruchirappalli,2026-03-31,12.5.0
83054121,INVOICE COVER MADE OUT OF BROWN WRAPPER DOUBLE IMPERIAL TO SIZE 23 X 10 CMS (8 1/4 X 4) GS....,0.0,0.0,848,SSE/S/SRM/TPJ077355-S AND T-SR,Railway_Operations,TPJ,Tiruchirappalli,2026-03-31,12.5.0
429079380019,TENT 15X15,0.0,0.0,984,SSE/S/SRM/TPJ077355-S AND T-SR,Railway_Operations,TPJ,Tiruchirappalli,2026-03-31,12.5.0
821144170019,wooden cup board (small size),0.0,0.0,1692,SSE/S/SRM/TPJ077355-S AND T-SR,Railway_Operations,TPJ,Tiruchirappalli,2026-03-31,12.5.0
83049861,"11 X 12"" TWO PLY CONTINUOUS COMPUTER STATIONERY FAN FOLDED WITH SPROCKET HOLES ON BOTH SID....",0.0,0.0,1052,SSE/S/SRM/TPJ077355-S AND T-SR,Railway_Operations,TPJ,Tiruchirappalli,2026-03-31,12.5.0
83048947,CONTINUOUS COMPUTER STATIONERY TWO PLY FAN FOLDED TO IS:12766/97 WITH DETACHABLE SPROCKET ....,0.0,0.0,1042,SSE/S/SRM/TPJ077355-S AND T-SR,Railway_Operations,TPJ,Tiruchirappalli,2026-03-31,12.5.0
83048819,CONTINUOUS COMPUTER STATIONERY SINGLE PLY FAN FOLDED TO IS:12766/97 WITH DETACHABLE SPROCK....,0.0,0.0,972,SSE/S/SRM/TPJ077355-S AND T-SR,Railway_Operations,TPJ,Tiruchirappalli,2026-03-31,12.5.0
83055022,ST 47:- Challan Book A6 O/S Bks. Printing in Bi-lingual (Hindi and English as per specimen....,0.0,0.0,879,SSE/S/SRM/TPJ077355-S AND T-SR,Railway_Operations,TPJ,Tiruchirappalli,2026-03-31,12.5.0
539863350028,SPECIAL EARTHING AND BONDING SYSTEM AS PER RDSO SPEC. RDSO/SPN/197/2008 OR LATEST,0.0,0.0,783,SSE/S/SRM/TPJ077355-S AND T-SR,Railway_Operations,TPJ,Tiruchirappalli,2026-03-31,12.5.0
509000760014,ON LINE UPS 1 KVA 36 VOLT WITH BATTERY & RACK,0.0,0.0,939,SSE/S/SRM/TPJ077355-S AND T-SR,Railway_Operations,TPJ,Tiruchirappalli,2026-03-31,12.5.0
560607110022,Professional Grade 24/7 Operation VDU 55 Inch Monitor,0.0,0.0,925,SSE/S/SRM/TPJ077355-S AND T-SR,Railway_Operations,TPJ,Tiruchirappalli,2026-03-31,12.5.0
451786060399,Lead Acid Secondary Cell 12V 120 AH Maintenance Free VRLA BATTERY,0.0,0.0,939,SSE/S/SRM/TPJ077355-S AND T-SR,Railway_Operations,TPJ,Tiruchirappalli,2026-03-31,12.5.0
430200024879,Digital Clamp meter  AC/DC with digital display counts t: 3 3/4 true RMS value suitable f....,0.0,0.0,1184,SSE/S/SRM/TPJ077355-S AND T-SR,Railway_Operations,TPJ,Tiruchirappalli,2026-03-31,12.5.0
50540324,LOW MAINTENANCE LEAD ACID  STATIONARY SECONDARY CELLS  2V/80AH CAPACITY AT  10 HRS RATE OF....,0.0,0.0,848,SSE/S/SRM/TPJ077355-S AND T-SR,Railway_Operations,TPJ,Tiruchirappalli,2026-03-31,12.5.0
50550081,LOW MAINTENANCE LEAD ACID STATIONARY SECONDARY CELLS 2V/ 200AH CAPACITY  AT 10 HRS. RATE O....,0.0,0.0,1035,SSE/S/SRM/TPJ077355-S AND T-SR,Railway_Operations,TPJ,Tiruchirappalli,2026-03-31,12.5.0
56987109,CABLE PVC INSULATED ARMOURED UN SCREENED UNDER GROUND POWER CABLE OF SIZE 2C x 25sqmm ALUM....,0.0,0.0,955,SSE/S/SRM/TPJ077355-S AND T-SR,Railway_Operations,TPJ,Tiruchirappalli,2026-03-31,12.5.0
565002070017,ROD SOLID JOINT,0.0,0.0,1143,SSE/S/SRM/TPJ077355-S AND T-SR,Railway_Operations,TPJ,Tiruchirappalli,2026-03-31,12.5.0
54211293,straight Arm Crank complete 300 x300 mm to  drg. No. SA-6135/M/Adv/alt-1,0.0,0.0,1070,SSE/S/SRM/TPJ077355-S AND T-SR,Railway_Operations,TPJ,Tiruchirappalli,2026-03-31,12.5.0
551200320043,E TYPE LOCK WITH KEY(VARIOUS WARD ),0.0,0.0,907,SSE/S/SRM/TPJ077355-S AND T-SR,Railway_Operations,TPJ,Tiruchirappalli,2026-03-31,12.5.0
460152100019,EARTH ELECTRODE LENGTH-4 Mtrs,0.0,0.0,1234,SSE/S/SRM/TPJ077355-S AND T-SR,Railway_Operations,TPJ,Tiruchirappalli,2026-03-31,12.5.0
783000511229,COMPUTER TABLE WITH CHAIR,0.0,0.0,1108,SSE/S/SRM/TPJ077355-S AND T-SR,Railway_Operations,TPJ,Tiruchirappalli,2026-03-31,12.5.0
560600046685,RELAY RACK TO HOLD 168 RELAYS,0.0,0.0,888,SSE/S/SRM/TPJ077355-S AND T-SR,Railway_Operations,TPJ,Tiruchirappalli,2026-03-31,12.5.0
501000260543,GI pipe 100mm dia 6 Mtrs long,0.0,0.0,821,SSE/S/SRM/TPJ077355-S AND T-SR,Railway_Operations,TPJ,Tiruchirappalli,2026-03-31,12.5.0
501000263740,GI Pipe 50mm Dia 3.65mm Thick,0.0,0.0,888,SSE/S/SRM/TPJ077355-S AND T-SR,Railway_Operations,TPJ,Tiruchirappalli,2026-03-31,12.5.0
501000260543,GI pipe 100mm dia 6 Mtrs long,0.0,0.0,888,SSE/S/SRM/TPJ077355-S AND T-SR,Railway_Operations,TPJ,Tiruchirappalli,2026-03-31,12.5.0
564800150091,ARA PBT TERMINAL 25MM,0.0,0.0,760,SSE/S/SRM/TPJ077355-S AND T-SR,Railway_Operations,TPJ,Tiruchirappalli,2026-03-31,12.5.0
539840550049,PBT FUSE BLOCK WITHOUT ND FUSE,0.0,0.0,984,SSE/S/SRM/TPJ077355-S AND T-SR,Railway_Operations,TPJ,Tiruchirappalli,2026-03-31,12.5.0
539817400018,PPTC FUSE 2 Amps,0.0,0.0,1201,SSE/S/SRM/TPJ077355-S AND T-SR,Railway_Operations,TPJ,Tiruchirappalli,2026-03-31,12.5.0
539817550016,PPTC Fuse 4 amps,0.0,0.0,1145,SSE/S/SRM/TPJ077355-S AND T-SR,Railway_Operations,TPJ,Tiruchirappalli,2026-03-31,12.5.0
539817560010,PPTC Fuse 6 Amps,0.0,0.0,1145,SSE/S/SRM/TPJ077355-S AND T-SR,Railway_Operations,TPJ,Tiruchirappalli,2026-03-31,12.5.0
560600046685,RELAY RACK TO HOLD 168 RELAYS,0.0,0.0,1005,SSE/S/SRM/TPJ077355-S AND T-SR,Railway_Operations,TPJ,Tiruchirappalli,2026-03-31,12.5.0
501000263740,GI Pipe 50mm Dia 3.65mm Thick,0.0,0.0,1077,SSE/S/SRM/TPJ077355-S AND T-SR,Railway_Operations,TPJ,Tiruchirappalli,2026-03-31,12.5.0
623500980059,DWC Pipe [Inner Dia 103.5mm & Outer Dia-120mm] WITH COUPLER FOR EVERY 6 MTRS,0.0,0.0,788,SSE/S/SRM/TPJ077355-S AND T-SR,Railway_Operations,TPJ,Tiruchirappalli,2026-03-31,12.5.0
539802824762,"DWC SPLIT PIPE 120/103mm dia, 2mtr long in already dug cable trenches as per drawing no.SK....",0.0,0.0,955,SSE/S/SRM/TPJ077355-S AND T-SR,Railway_Operations,TPJ,Tiruchirappalli,2026-03-31,12.5.0
539882500024,REMOTE TERMINAL UNIT (RTU) OF 64 DIGITAL & 16 ANALOG INPUTS WITH ALL ACCESSORIES,0.0,0.0,944,SSE/S/SRM/TPJ077355-S AND T-SR,Railway_Operations,TPJ,Tiruchirappalli,2026-03-31,12.5.0
567912760045,"Universal LED Lamp proving relay  QECX61 relay, 4F-4B,AC conforming to  BRS:941A STS/E/RE....",0.0,0.0,817,SSE/S/SRM/TPJ077355-S AND T-SR,Railway_Operations,TPJ,Tiruchirappalli,2026-03-31,12.5.0
539824180030,[A-17]Supply of Universal Earth Leakage Detector 8 channel (3 channel card for monitoring....,0.0,0.0,1077,SSE/S/SRM/TPJ077355-S AND T-SR,Railway_Operations,TPJ,Tiruchirappalli,2026-03-31,12.5.0
567912690018,SMPS BASED IPS FOR LC GATE WITH ALL ACCESSORIES  & VRLA BATTERIES ( 55+5 NOS),0.0,0.0,841,SSE/S/SRM/TPJ077355-S AND T-SR,Railway_Operations,TPJ,Tiruchirappalli,2026-03-31,12.5.0
567916800013,Mini DCDP Box containing 6Nos. 24-40v/05Amp. DC/DC Converter Make-Amara Raja,0.0,0.0,817,SSE/S/SRM/TPJ077355-S AND T-SR,Railway_Operations,TPJ,Tiruchirappalli,2026-03-31,12.5.0
56501018,PVC INSULATED CABLE FOR RAILWAY SIGNALLING HEAVY DUTY UNSCREENED UNDERGROUND ARMOURED WITH....,0.0,0.0,1077,SSE/S/SRM/TPJ077355-S AND T-SR,Railway_Operations,TPJ,Tiruchirappalli,2026-03-31,12.5.0
56119033,CABLE PVC INSULATED ARMOURED UNSCREENED RAILWAY SIGNALLING CABLE OF SIZE 19C x 1.5sqmm (RE....,0.0,0.0,1087,SSE/S/SRM/TPJ077355-S AND T-SR,Railway_Operations,TPJ,Tiruchirappalli,2026-03-31,12.5.0
56509959,PVC INSULATING CABLE FOR RAILWAY SIGNALLING HEAVY DUTY UNDER GROUND UNSCREENED ARMOURED WI....,0.0,0.0,760,SSE/S/SRM/TPJ077355-S AND T-SR,Railway_Operations,TPJ,Tiruchirappalli,2026-03-31,12.5.0
56501006,PVC INSULATED CABLE FOR RAILWAY SIGNALLING HEAVY DUTY UNDER GROUND UNCREENED ARMOURED WITH....,0.0,0.0,984,SSE/S/SRM/TPJ077355-S AND T-SR,Railway_Operations,TPJ,Tiruchirappalli,2026-03-31,12.5.0
56509960,- CABLE PVC INSULATED ARMOURED UN SCREENED UNDER GROUND POWER CABLE OF SIZE 2C x 25sqmm AL....,0.0,0.0,955,SSE/S/SRM/TPJ077355-S AND T-SR,Railway_Operations,TPJ,Tiruchirappalli,2026-03-31,12.5.0
564800150091,ARA PBT TERMINAL 25MM,0.0,0.0,997,SSE/S/SRM/TPJ077355-S AND T-SR,Railway_Operations,TPJ,Tiruchirappalli,2026-03-31,12.5.0
539840550049,PBT FUSE BLOCK WITHOUT ND FUSE,0.0,0.0,997,SSE/S/SRM/TPJ077355-S AND T-SR,Railway_Operations,TPJ,Tiruchirappalli,2026-03-31,12.5.0
56060105,FRP TRACK LEAD JN BOX,0.0,0.0,907,SSE/S/SRM/TPJ077355-S AND T-SR,Railway_Operations,TPJ,Tiruchirappalli,2026-03-31,12.5.0
50540324,LOW MAINTENANCE LEAD ACID  STATIONARY SECONDARY CELLS  2V/80AH CAPACITY AT  10 HRS RATE OF....,0.0,0.0,848,SSE/S/SRM/TPJ077355-S AND T-SR,Railway_Operations,TPJ,Tiruchirappalli,2026-03-31,12.5.0
501000263740,GI Pipe 50mm Dia 3.65mm Thick,0.0,0.0,991,SSE/S/SRM/TPJ077355-S AND T-SR,Railway_Operations,TPJ,Tiruchirappalli,2026-03-31,12.5.0
501000260543,GI pipe 100mm dia 6 Mtrs long,0.0,0.0,976,SSE/S/SRM/TPJ077355-S AND T-SR,Railway_Operations,TPJ,Tiruchirappalli,2026-03-31,12.5.0
560604296180,Earth leakage detector (ANUVIDHUT) 4 Channel,0.0,0.0,1044,SSE/S/SRM/TPJ077355-S AND T-SR,Railway_Operations,TPJ,Tiruchirappalli,2026-03-31,12.5.0
503523270291,ELECTRONIC  GATE TELEPHONE SYSYTEM AS PER RDSO SPN NO. RDSO/SPN/TC-51/2011 Rev. 1.0 witho....,0.0,0.0,984,SSE/S/SRM/TPJ077355-S AND T-SR,Railway_Operations,TPJ,Tiruchirappalli,2026-03-31,12.5.0
623500980059,DWC Pipe [Inner Dia 103.5mm & Outer Dia-120mm] WITH COUPLER FOR EVERY 6 MTRS,0.0,0.0,984,SSE/S/SRM/TPJ077355-S AND T-SR,Railway_Operations,TPJ,Tiruchirappalli,2026-03-31,12.5.0
539863350028,SPECIAL EARTHING AND BONDING SYSTEM AS PER RDSO SPEC. RDSO/SPN/197/2008 OR LATEST,0.0,0.0,984,SSE/S/SRM/TPJ077355-S AND T-SR,Railway_Operations,TPJ,Tiruchirappalli,2026-03-31,12.5.0
544100200073,CLS POST 4.6 MTRS,0.0,0.0,995,SSE/S/SRM/TPJ077355-S AND T-SR,Railway_Operations,TPJ,Tiruchirappalli,2026-03-31,12.5.0
555400140019,CLS POST 3.6 MTRS,0.0,0.0,995,SSE/S/SRM/TPJ077355-S AND T-SR,Railway_Operations,TPJ,Tiruchirappalli,2026-03-31,12.5.0
555400230082,Surface base to suit CLS signal pole 140mm,0.0,0.0,995,SSE/S/SRM/TPJ077355-S AND T-SR,Railway_Operations,TPJ,Tiruchirappalli,2026-03-31,12.5.0
564200100143,Ladder with Platform and shoes for CLC pole 4.6mtr,0.0,0.0,995,SSE/S/SRM/TPJ077355-S AND T-SR,Railway_Operations,TPJ,Tiruchirappalli,2026-03-31,12.5.0
564200100155,Ladder with Platform and shoes for CLC pole 3.6mtr,0.0,0.0,995,SSE/S/SRM/TPJ077355-S AND T-SR,Railway_Operations,TPJ,Tiruchirappalli,2026-03-31,12.5.0
56468040,"GREENaspect Main LED signal, 110 V AC Retrofitable in existing CLS Housing and compatible ....",0.0,0.0,1137,SSE/S/SRM/TPJ077355-S AND T-SR,Railway_Operations,TPJ,Tiruchirappalli,2026-03-31,12.5.0
539839680012,CLS UNIT 3 ASPECT,0.0,0.0,1087,SSE/S/SRM/TPJ077355-S AND T-SR,Railway_Operations,TPJ,Tiruchirappalli,2026-03-31,12.5.0
539896950082,CLS Unit 2 Aspect,0.0,0.0,995,SSE/S/SRM/TPJ077355-S AND T-SR,Railway_Operations,TPJ,Tiruchirappalli,2026-03-31,12.5.0
539820870014,DWC PIPE,0.0,0.0,1188,SSE/S/SRM/TPJ077355-S AND T-SR,Railway_Operations,TPJ,Tiruchirappalli,2026-03-31,12.5.0
539814480027,RELAY ECR 4F/4B.,0.0,0.0,885,SSE/S/SRM/TPJ077355-S AND T-SR,Railway_Operations,TPJ,Tiruchirappalli,2026-03-31,12.5.0
539882500024,REMOTE TERMINAL UNIT (RTU) OF 64 DIGITAL & 16 ANALOG INPUTS WITH ALL ACCESSORIES,0.0,0.0,984,SSE/S/SRM/TPJ077355-S AND T-SR,Railway_Operations,TPJ,Tiruchirappalli,2026-03-31,12.5.0
549000631731,LOCATION BOX QUARTER,0.0,0.0,995,SSE/S/SRM/TPJ077355-S AND T-SR,Railway_Operations,TPJ,Tiruchirappalli,2026-03-31,12.5.0
567912690018,SMPS BASED IPS FOR LC GATE WITH ALL ACCESSORIES  & VRLA BATTERIES ( 55+5 NOS),0.0,0.0,923,SSE/S/SRM/TPJ077355-S AND T-SR,Railway_Operations,TPJ,Tiruchirappalli,2026-03-31,12.5.0
56468039,RED ASPECT MAIN LED SIGNAL RETROFITTABLE IN EXISTING CLS HOUSING AND COMPATIBLE WITH AC LE....,0.0,0.0,972,SSE/S/SRM/TPJ077355-S AND T-SR,Railway_Operations,TPJ,Tiruchirappalli,2026-03-31,12.5.0
56468052,"YELLOW aspect Main LED signal, 110 V AC Retrofitable in existing CLS Housing and compatibl....",0.0,0.0,972,SSE/S/SRM/TPJ077355-S AND T-SR,Railway_Operations,TPJ,Tiruchirappalli,2026-03-31,12.5.0
56468040,"GREENaspect Main LED signal, 110 V AC Retrofitable in existing CLS Housing and compatible ....",0.0,0.0,995,SSE/S/SRM/TPJ077355-S AND T-SR,Railway_Operations,TPJ,Tiruchirappalli,2026-03-31,12.5.0
564680650983,led road signal red,0.0,0.0,995,SSE/S/SRM/TPJ077355-S AND T-SR,Railway_Operations,TPJ,Tiruchirappalli,2026-03-31,12.5.0
564680660990,LED Road Signal yellow,0.0,0.0,921,SSE/S/SRM/TPJ077355-S AND T-SR,Railway_Operations,TPJ,Tiruchirappalli,2026-03-31,12.5.0
564800150091,ARA PBT TERMINAL 25MM,0.0,0.0,886,SSE/S/SRM/TPJ077355-S AND T-SR,Railway_Operations,TPJ,Tiruchirappalli,2026-03-31,12.5.0
569001780227,DC DC Converter 24-40 VOLT/5Amp As Per RDSO SPECIFICATION No. RDSO/SPN/165/2012 OR LATEST ....,0.0,0.0,766,SSE/S/SRM/TPJ077355-S AND T-SR,Railway_Operations,TPJ,Tiruchirappalli,2026-03-31,12.5.0
56119033,CABLE PVC INSULATED ARMOURED UNSCREENED RAILWAY SIGNALLING CABLE OF SIZE 19C x 1.5sqmm (RE....,0.0,0.0,984,SSE/S/SRM/TPJ077355-S AND T-SR,Railway_Operations,TPJ,Tiruchirappalli,2026-03-31,12.5.0
56501018,PVC INSULATED CABLE FOR RAILWAY SIGNALLING HEAVY DUTY UNSCREENED UNDERGROUND ARMOURED WITH....,0.0,0.0,984,SSE/S/SRM/TPJ077355-S AND T-SR,Railway_Operations,TPJ,Tiruchirappalli,2026-03-31,12.5.0
56509960,- CABLE PVC INSULATED ARMOURED UN SCREENED UNDER GROUND POWER CABLE OF SIZE 2C x 25sqmm AL....,0.0,0.0,984,SSE/S/SRM/TPJ077355-S AND T-SR,Railway_Operations,TPJ,Tiruchirappalli,2026-03-31,12.5.0
539829420017,CEL MSDAC Center Eveluter rack,0.0,0.0,1005,SSE/S/SRM/TPJ077355-S AND T-SR,Railway_Operations,TPJ,Tiruchirappalli,2026-03-31,12.5.0
549007491562,PIPE GI 50MM(2) (CS 77),0.0,0.0,941,SSE/S/SRM/TPJ077355-S AND T-SR,Railway_Operations,TPJ,Tiruchirappalli,2026-03-31,12.5.0
623500980059,DWC Pipe [Inner Dia 103.5mm & Outer Dia-120mm] WITH COUPLER FOR EVERY 6 MTRS,0.0,0.0,984,SSE/S/SRM/TPJ077355-S AND T-SR,Railway_Operations,TPJ,Tiruchirappalli,2026-03-31,12.5.0
564800150091,ARA PBT TERMINAL 25MM,0.0,0.0,984,SSE/S/SRM/TPJ077355-S AND T-SR,Railway_Operations,TPJ,Tiruchirappalli,2026-03-31,12.5.0
501000263740,GI Pipe 50mm Dia 3.65mm Thick,0.0,0.0,995,SSE/S/SRM/TPJ077355-S AND T-SR,Railway_Operations,TPJ,Tiruchirappalli,2026-03-31,12.5.0
50540324,"Lead Acid cell, Low Maintenance, 2 volt in hard rubber(or Transparent container, Polypropy....",0.0,0.0,848,SSE/S/SRM/TPJ077355-S AND T-SR,Railway_Operations,TPJ,Tiruchirappalli,2026-03-31,12.5.0
503523410740,DIGITAL VOICE ANNOUNCIATION UNIT FOR LC GATE,0.0,0.0,1052,SSE/S/SRM/TPJ077355-S AND T-SR,Railway_Operations,TPJ,Tiruchirappalli,2026-03-31,12.5.0
56509959,Under ground Railway Signaling Cable size-12 Core x 1.5sqmm unscreened PVC Insulated PVC i....,0.0,0.0,984,SSE/S/SRM/TPJ077355-S AND T-SR,Railway_Operations,TPJ,Tiruchirappalli,2026-03-31,12.5.0
539802824762,"DWC SPLIT PIPE 120/103mm dia, 2mtr long in already dug cable trenches as per drawing no.SK....",0.0,0.0,955,SSE/S/SRM/TPJ077355-S AND T-SR,Railway_Operations,TPJ,Tiruchirappalli,2026-03-31,12.5.0
501000263740,GI Pipe 50mm Dia 3.65mm Thick,0.0,0.0,999,SSE/S/SRM/TPJ077355-S AND T-SR,Railway_Operations,TPJ,Tiruchirappalli,2026-03-31,12.5.0
56119033,CABLE PVC INSULATED ARMOURED UNSCREENED RAILWAY SIGNALLING CABLE OF SIZE 19C X 1.5 SQMM TO....,0.0,0.0,978,SSE/S/SRM/TPJ077355-S AND T-SR,Railway_Operations,TPJ,Tiruchirappalli,2026-03-31,12.5.0
56509960,CABLE PVC INSULATED ARMOUND UNSCREENED UNDERGROUND POWER CABLE OF SIZE 2C X 25 SQ.MM ALUMI....,0.0,0.0,955,SSE/S/SRM/TPJ077355-S AND T-SR,Railway_Operations,TPJ,Tiruchirappalli,2026-03-31,12.5.0
56500488,UNDERGROUND RAILWAY JELLY FILLED 06 QUAD CABLE 0.9MM DIA AS PER IRS SPECIFICATION No IRS:T....,0.0,0.0,955,SSE/S/SRM/TPJ077355-S AND T-SR,Railway_Operations,TPJ,Tiruchirappalli,2026-03-31,12.5.0
56501018,"UNDERGROUND RAILWAY SIGNALING CABLE, UNSCREENED, PVC INSULATED, PVC INNER SHEATHED, ARMOUR....",0.0,0.0,984,SSE/S/SRM/TPJ077355-S AND T-SR,Railway_Operations,TPJ,Tiruchirappalli,2026-03-31,12.5.0
56119033,CABLE PVC INSULATED ARMOURED UNSCREENED RAILWAY SIGNALLING CABLE OF SIZE 19C X 1.5 SQMM TO....,0.0,0.0,978,SSE/S/SRM/TPJ077355-S AND T-SR,Railway_Operations,TPJ,Tiruchirappalli,2026-03-31,12.5.0
56509959,Under ground Railway Signaling Cable size-12 Core x 1.5sqmm unscreened PVC Insulated PVC i....,0.0,0.0,955,SSE/S/SRM/TPJ077355-S AND T-SR,Railway_Operations,TPJ,Tiruchirappalli,2026-03-31,12.5.0
56509960,CABLE PVC INSULATED ARMOUND UNSCREENED UNDERGROUND POWER CABLE OF SIZE 2C X 25 SQ.MM ALUMI....,0.0,0.0,984,SSE/S/SRM/TPJ077355-S AND T-SR,Railway_Operations,TPJ,Tiruchirappalli,2026-03-31,12.5.0
567913130010,STATION IPS  SIX ROAD WITH ALL ACCESSARIES.,0.0,0.0,919,SSE/S/SRM/TPJ077355-S AND T-SR,Railway_Operations,TPJ,Tiruchirappalli,2026-03-31,12.5.0
565100090011,MINI DCDP PANEL,0.0,0.0,880,SSE/S/SRM/TPJ077355-S AND T-SR,Railway_Operations,TPJ,Tiruchirappalli,2026-03-31,12.5.0
539841330010,Relay Rack capacity 56 relays,0.0,0.0,1077,SSE/S/SRM/TPJ077355-S AND T-SR,Railway_Operations,TPJ,Tiruchirappalli,2026-03-31,12.5.0
560600046685,RELAY RACK TO HOLD 168 RELAYS,0.0,0.0,817,SSE/S/SRM/TPJ077355-S AND T-SR,Railway_Operations,TPJ,Tiruchirappalli,2026-03-31,12.5.0
860102180012,LINEAR HEAT SENSING CABLE FOR AUTOMATIC FIRE DETECTION & ALARM SYSTEM.,0.0,0.0,961,SSE/S/SRM/TPJ077355-S AND T-SR,Railway_Operations,TPJ,Tiruchirappalli,2026-03-31,12.5.0
661087590031,Interface module for Linear Heat Sensing cable(LHS) and control panel.,0.0,0.0,961,SSE/S/SRM/TPJ077355-S AND T-SR,Railway_Operations,TPJ,Tiruchirappalli,2026-03-31,12.5.0
569003010085,FIRE ALARM NETWORKABLE SINGLE LOOP ADDRESSABLE FIRE ALARM CONTROL PANEL AS PER RDSO/SPN/21....,0.0,0.0,961,SSE/S/SRM/TPJ077355-S AND T-SR,Railway_Operations,TPJ,Tiruchirappalli,2026-03-31,12.5.0
861600950045,Fire Alarm GSM Module for Control Panel with Backbox,0.0,0.0,961,SSE/S/SRM/TPJ077355-S AND T-SR,Railway_Operations,TPJ,Tiruchirappalli,2026-03-31,12.5.0
861601010019,TCP/IP MODULE ETHERNET MODULE RE-517 ME,0.0,0.0,961,SSE/S/SRM/TPJ077355-S AND T-SR,Railway_Operations,TPJ,Tiruchirappalli,2026-03-31,12.5.0
569003010218,Addressable and Resettable Manual Call Point with integrated short circuit isolator as pe....,0.0,0.0,961,SSE/S/SRM/TPJ077355-S AND T-SR,Railway_Operations,TPJ,Tiruchirappalli,2026-03-31,12.5.0
569003560048,FIRE ALARM RELAY MODULE WITH BACK BOX AND ACESSORIES AS PER RDSO/SPN/217/2018-VER 2.0,0.0,0.0,961,SSE/S/SRM/TPJ077355-S AND T-SR,Railway_Operations,TPJ,Tiruchirappalli,2026-03-31,12.5.0
567900808704,INDICATIVE TYPE SURGE PROTECTION DEVICE CLASS-D FOR 110V AC/DC,0.0,0.0,1278,SSE/S/SRM/TPJ077355-S AND T-SR,Railway_Operations,TPJ,Tiruchirappalli,2026-03-31,12.5.0
542218861440,EOL as per RDSO/SPN/217/2018 ver 2.0 or latest,0.0,0.0,961,SSE/S/SRM/TPJ077355-S AND T-SR,Railway_Operations,TPJ,Tiruchirappalli,2026-03-31,12.5.0
861601000026,Monitor module for 3rd party with backbox and all other accessories,0.0,0.0,961,SSE/S/SRM/TPJ077355-S AND T-SR,Railway_Operations,TPJ,Tiruchirappalli,2026-03-31,12.5.0
567900805272,SURGE PROTECTION DEVICE 24V,0.0,0.0,1278,SSE/S/SRM/TPJ077355-S AND T-SR,Railway_Operations,TPJ,Tiruchirappalli,2026-03-31,12.5.0
509000950277,Thermo Shrink Jointing kit  for jelly filled six quad cable conforming to RDSO Spec. No.....,0.0,0.0,788,SSE/S/SRM/TPJ077355-S AND T-SR,Railway_Operations,TPJ,Tiruchirappalli,2026-03-31,12.5.0
56119537,PVC INSULATED CABLE FOR RAILWAY SIGNALLING   HEAVY DUTY UNDER GROUND UNSCREENED ARMOUNED W....,0.0,0.0,739,SSE/S/SRM/TPJ077355-S AND T-SR,Railway_Operations,TPJ,Tiruchirappalli,2026-03-31,12.5.0
560606680013,Complete Earthing and Bonding System ( Maintenance Free Earth )with all accessories as per....,0.0,0.0,1340,SSE/S/SRM/TPJ077355-S AND T-SR,Railway_Operations,TPJ,Tiruchirappalli,2026-03-31,12.5.0
539859120012,Linear Heat Sensing Interface Module,0.0,0.0,962,SSE/S/SRM/TPJ077355-S AND T-SR,Railway_Operations,TPJ,Tiruchirappalli,2026-03-31,12.5.0
569003030126,Unarmoured Fire Survival Circuit Integrity Cable 2 X 1.5 Sq.mm As Per RDSO/SPN/217/2021-VE....,0.0,0.0,792,SSE/S/SRM/TPJ077355-S AND T-SR,Railway_Operations,TPJ,Tiruchirappalli,2026-03-31,12.5.0
831500010038,BOX WOODEN OFF SIZES,0.0,0.0,1693,SSE/S/SRM/TPJ077355-S AND T-SR,Railway_Operations,TPJ,Tiruchirappalli,2026-03-31,12.5.0
539810800015,CPVC PIPE 25MM DIA ( 3 Mts LONG ),0.0,0.0,859,SSE/S/SRM/TPJ077355-S AND T-SR,Railway_Operations,TPJ,Tiruchirappalli,2026-03-31,12.5.0
861600910011,ISOLATOR BASE DETECTOR BASE,0.0,0.0,817,SSE/S/SRM/TPJ077355-S AND T-SR,Railway_Operations,TPJ,Tiruchirappalli,2026-03-31,12.5.0
902500310010,Revolving Chair,0.0,0.0,1671,SSE/S/SRM/TPJ077355-S AND T-SR,Railway_Operations,TPJ,Tiruchirappalli,2026-03-31,12.5.0
439000010383,WOODEN TABLE SMALL TEAPOY,0.0,0.0,1671,SSE/S/SRM/TPJ077355-S AND T-SR,Railway_Operations,TPJ,Tiruchirappalli,2026-03-31,12.5.0
569002650017,DATALOGGER GSM/GPRS MODEM &ADAPTOR CARD 4G,0.0,0.0,1010,SSE/S/SRM/TPJ077355-S AND T-SR,Railway_Operations,TPJ,Tiruchirappalli,2026-03-31,12.5.0
56987092,ROUTE LED SIGNAL LIGHTING UNIT 100V AC RE-PROFITABLE IN EXISTING CLS HOUSING AND COMPATIBL....,0.0,0.0,1157,SSE/S/SRM/TPJ077355-S AND T-SR,Railway_Operations,TPJ,Tiruchirappalli,2026-03-31,12.5.0
561501060058,Secondary Cells 2V-300AH  Un Charged,0.0,0.0,1662,SSE/S/SRM/TPJ077355-S AND T-SR,Railway_Operations,TPJ,Tiruchirappalli,2026-03-31,12.5.0
721160840011,Files different sizes and varieties.,0.0,0.0,1693,SSE/S/SRM/TPJ077355-S AND T-SR,Railway_Operations,TPJ,Tiruchirappalli,2026-03-31,12.5.0
570100829976,CPU,0.0,0.0,1069,SSE/S/SRM/TPJ077355-S AND T-SR,Railway_Operations,TPJ,Tiruchirappalli,2026-03-31,12.5.0
570101410018,MONITOR,0.0,0.0,1086,SSE/S/SRM/TPJ077355-S AND T-SR,Railway_Operations,TPJ,Tiruchirappalli,2026-03-31,12.5.0
570101550011,Wireless Mouse,0.0,0.0,1069,SSE/S/SRM/TPJ077355-S AND T-SR,Railway_Operations,TPJ,Tiruchirappalli,2026-03-31,12.5.0
570102670012,Keyboard,0.0,0.0,1069,SSE/S/SRM/TPJ077355-S AND T-SR,Railway_Operations,TPJ,Tiruchirappalli,2026-03-31,12.5.0
56509959,PVC INSULATING CABLE FOR RAILWAY SIGNALLING HEAVY DUTY UNDER GROUND UNSCREENED ARMOURED WI....,0.0,0.0,984,SSE/S/SRM/TPJ077355-S AND T-SR,Railway_Operations,TPJ,Tiruchirappalli,2026-03-31,12.5.0
